days_ago,amount,merchant,account,category,detailed,tags
1,6.62,Blue Bottle Coffee,amexgold,dining,FOOD_AND_DRINK_RESTAURANT,coffee
9,6.44,Blue Bottle Coffee,amexgold,dining,FOOD_AND_DRINK_RESTAURANT,coffee
16,6.92,Blue Bottle Coffee,amexgold,dining,FOOD_AND_DRINK_RESTAURANT,coffee
24,6.70,Blue Bottle Coffee,amexgold,dining,FOOD_AND_DRINK_RESTAURANT,coffee
31,6.11,Blue Bottle Coffee,amexgold,dining,FOOD_AND_DRINK_RESTAURANT,coffee
39,6.23,Blue Bottle Coffee,amexgold,dining,FOOD_AND_DRINK_RESTAURANT,coffee
47,6.94,Blue Bottle Coffee,amexgold,dining,FOOD_AND_DRINK_RESTAURANT,coffee
54,6.20,Blue Bottle Coffee,amexgold,dining,FOOD_AND_DRINK_RESTAURANT,coffee
63,6.79,Blue Bottle Coffee,amexgold,dining,FOOD_AND_DRINK_RESTAURANT,coffee
68,6.14,Blue Bottle Coffee,amexgold,dining,FOOD_AND_DRINK_RESTAURANT,coffee
77,6.72,Blue Bottle Coffee,amexgold,dining,FOOD_AND_DRINK_RESTAURANT,coffee
85,5.90,Blue Bottle Coffee,amexgold,dining,FOOD_AND_DRINK_RESTAURANT,coffee
92,6.90,Blue Bottle Coffee,amexgold,dining,FOOD_AND_DRINK_RESTAURANT,coffee
99,6.61,Blue Bottle Coffee,amexgold,dining,FOOD_AND_DRINK_RESTAURANT,coffee
107,6.22,Blue Bottle Coffee,amexgold,dining,FOOD_AND_DRINK_RESTAURANT,coffee
114,6.12,Blue Bottle Coffee,amexgold,dining,FOOD_AND_DRINK_RESTAURANT,coffee
124,6.54,Blue Bottle Coffee,amexgold,dining,FOOD_AND_DRINK_RESTAURANT,coffee
129,6.11,Blue Bottle Coffee,amexgold,dining,FOOD_AND_DRINK_RESTAURANT,coffee
139,6.49,Blue Bottle Coffee,amexgold,dining,FOOD_AND_DRINK_RESTAURANT,coffee
147,6.28,Blue Bottle Coffee,amexgold,dining,FOOD_AND_DRINK_RESTAURANT,coffee
153,5.94,Blue Bottle Coffee,amexgold,dining,FOOD_AND_DRINK_RESTAURANT,coffee
160,6.57,Blue Bottle Coffee,amexgold,dining,FOOD_AND_DRINK_RESTAURANT,coffee
168,6.19,Blue Bottle Coffee,amexgold,dining,FOOD_AND_DRINK_RESTAURANT,coffee
176,6.15,Blue Bottle Coffee,amexgold,dining,FOOD_AND_DRINK_RESTAURANT,coffee
183,6.79,Blue Bottle Coffee,amexgold,dining,FOOD_AND_DRINK_RESTAURANT,coffee
192,6.51,Blue Bottle Coffee,amexgold,dining,FOOD_AND_DRINK_RESTAURANT,coffee
198,6.24,Blue Bottle Coffee,amexgold,dining,FOOD_AND_DRINK_RESTAURANT,coffee
205,5.99,Blue Bottle Coffee,amexgold,dining,FOOD_AND_DRINK_RESTAURANT,coffee
214,6.72,Blue Bottle Coffee,amexgold,dining,FOOD_AND_DRINK_RESTAURANT,coffee
223,7.01,Blue Bottle Coffee,amexgold,dining,FOOD_AND_DRINK_RESTAURANT,coffee
228,7.03,Blue Bottle Coffee,amexgold,dining,FOOD_AND_DRINK_RESTAURANT,coffee
237,7.03,Blue Bottle Coffee,amexgold,dining,FOOD_AND_DRINK_RESTAURANT,coffee
244,6.03,Blue Bottle Coffee,amexgold,dining,FOOD_AND_DRINK_RESTAURANT,coffee
251,6.33,Blue Bottle Coffee,amexgold,dining,FOOD_AND_DRINK_RESTAURANT,coffee
260,6.63,Blue Bottle Coffee,amexgold,dining,FOOD_AND_DRINK_RESTAURANT,coffee
268,5.99,Blue Bottle Coffee,amexgold,dining,FOOD_AND_DRINK_RESTAURANT,coffee
276,7.02,Blue Bottle Coffee,amexgold,dining,FOOD_AND_DRINK_RESTAURANT,coffee
282,6.75,Blue Bottle Coffee,amexgold,dining,FOOD_AND_DRINK_RESTAURANT,coffee
289,6.52,Blue Bottle Coffee,amexgold,dining,FOOD_AND_DRINK_RESTAURANT,coffee
299,6.04,Blue Bottle Coffee,amexgold,dining,FOOD_AND_DRINK_RESTAURANT,coffee
306,6.58,Blue Bottle Coffee,amexgold,dining,FOOD_AND_DRINK_RESTAURANT,coffee
314,6.42,Blue Bottle Coffee,amexgold,dining,FOOD_AND_DRINK_RESTAURANT,coffee
321,6.30,Blue Bottle Coffee,amexgold,dining,FOOD_AND_DRINK_RESTAURANT,coffee
328,6.29,Blue Bottle Coffee,amexgold,dining,FOOD_AND_DRINK_RESTAURANT,coffee
337,6.25,Blue Bottle Coffee,amexgold,dining,FOOD_AND_DRINK_RESTAURANT,coffee
343,6.91,Blue Bottle Coffee,amexgold,dining,FOOD_AND_DRINK_RESTAURANT,coffee
352,7.09,Blue Bottle Coffee,amexgold,dining,FOOD_AND_DRINK_RESTAURANT,coffee
360,6.42,Blue Bottle Coffee,amexgold,dining,FOOD_AND_DRINK_RESTAURANT,coffee
366,6.26,Blue Bottle Coffee,amexgold,dining,FOOD_AND_DRINK_RESTAURANT,coffee
373,6.74,Blue Bottle Coffee,amexgold,dining,FOOD_AND_DRINK_RESTAURANT,coffee
381,6.84,Blue Bottle Coffee,amexgold,dining,FOOD_AND_DRINK_RESTAURANT,coffee
390,6.01,Blue Bottle Coffee,amexgold,dining,FOOD_AND_DRINK_RESTAURANT,coffee
397,6.89,Blue Bottle Coffee,amexgold,dining,FOOD_AND_DRINK_RESTAURANT,coffee
403,7.07,Blue Bottle Coffee,amexgold,dining,FOOD_AND_DRINK_RESTAURANT,coffee
411,6.75,Blue Bottle Coffee,amexgold,dining,FOOD_AND_DRINK_RESTAURANT,coffee
421,6.17,Blue Bottle Coffee,amexgold,dining,FOOD_AND_DRINK_RESTAURANT,coffee
2,13.11,Sweetgreen,amexgold,dining,FOOD_AND_DRINK_RESTAURANT,lunch
10,12.56,Sweetgreen,amexgold,dining,FOOD_AND_DRINK_RESTAURANT,lunch
17,13.64,Sweetgreen,amexgold,dining,FOOD_AND_DRINK_RESTAURANT,lunch
25,12.94,Sweetgreen,amexgold,dining,FOOD_AND_DRINK_RESTAURANT,lunch
31,13.58,Sweetgreen,amexgold,dining,FOOD_AND_DRINK_RESTAURANT,lunch
41,12.92,Sweetgreen,amexgold,dining,FOOD_AND_DRINK_RESTAURANT,lunch
49,13.06,Sweetgreen,amexgold,dining,FOOD_AND_DRINK_RESTAURANT,lunch
54,14.10,Sweetgreen,amexgold,dining,FOOD_AND_DRINK_RESTAURANT,lunch
63,12.22,Sweetgreen,amexgold,dining,FOOD_AND_DRINK_RESTAURANT,lunch
71,13.60,Sweetgreen,amexgold,dining,FOOD_AND_DRINK_RESTAURANT,lunch
79,14.20,Sweetgreen,amexgold,dining,FOOD_AND_DRINK_RESTAURANT,lunch
85,13.53,Sweetgreen,amexgold,dining,FOOD_AND_DRINK_RESTAURANT,lunch
93,12.60,Sweetgreen,amexgold,dining,FOOD_AND_DRINK_RESTAURANT,lunch
100,13.75,Sweetgreen,amexgold,dining,FOOD_AND_DRINK_RESTAURANT,lunch
110,12.84,Sweetgreen,amexgold,dining,FOOD_AND_DRINK_RESTAURANT,lunch
115,12.94,Sweetgreen,amexgold,dining,FOOD_AND_DRINK_RESTAURANT,lunch
123,12.69,Sweetgreen,amexgold,dining,FOOD_AND_DRINK_RESTAURANT,lunch
132,13.46,Sweetgreen,amexgold,dining,FOOD_AND_DRINK_RESTAURANT,lunch
140,12.56,Sweetgreen,amexgold,dining,FOOD_AND_DRINK_RESTAURANT,lunch
146,13.43,Sweetgreen,amexgold,dining,FOOD_AND_DRINK_RESTAURANT,lunch
153,13.07,Sweetgreen,amexgold,dining,FOOD_AND_DRINK_RESTAURANT,lunch
162,13.12,Sweetgreen,amexgold,dining,FOOD_AND_DRINK_RESTAURANT,lunch
170,13.08,Sweetgreen,amexgold,dining,FOOD_AND_DRINK_RESTAURANT,lunch
177,14.17,Sweetgreen,amexgold,dining,FOOD_AND_DRINK_RESTAURANT,lunch
184,13.29,Sweetgreen,amexgold,dining,FOOD_AND_DRINK_RESTAURANT,lunch
192,13.40,Sweetgreen,amexgold,dining,FOOD_AND_DRINK_RESTAURANT,lunch
200,12.72,Sweetgreen,amexgold,dining,FOOD_AND_DRINK_RESTAURANT,lunch
206,12.86,Sweetgreen,amexgold,dining,FOOD_AND_DRINK_RESTAURANT,lunch
214,13.67,Sweetgreen,amexgold,dining,FOOD_AND_DRINK_RESTAURANT,lunch
222,12.57,Sweetgreen,amexgold,dining,FOOD_AND_DRINK_RESTAURANT,lunch
231,12.89,Sweetgreen,amexgold,dining,FOOD_AND_DRINK_RESTAURANT,lunch
237,12.89,Sweetgreen,amexgold,dining,FOOD_AND_DRINK_RESTAURANT,lunch
245,13.47,Sweetgreen,amexgold,dining,FOOD_AND_DRINK_RESTAURANT,lunch
252,13.26,Sweetgreen,amexgold,dining,FOOD_AND_DRINK_RESTAURANT,lunch
261,13.77,Sweetgreen,amexgold,dining,FOOD_AND_DRINK_RESTAURANT,lunch
269,13.99,Sweetgreen,amexgold,dining,FOOD_AND_DRINK_RESTAURANT,lunch
276,12.54,Sweetgreen,amexgold,dining,FOOD_AND_DRINK_RESTAURANT,lunch
285,13.36,Sweetgreen,amexgold,dining,FOOD_AND_DRINK_RESTAURANT,lunch
292,14.17,Sweetgreen,amexgold,dining,FOOD_AND_DRINK_RESTAURANT,lunch
299,12.52,Sweetgreen,amexgold,dining,FOOD_AND_DRINK_RESTAURANT,lunch
306,13.98,Sweetgreen,amexgold,dining,FOOD_AND_DRINK_RESTAURANT,lunch
313,13.06,Sweetgreen,amexgold,dining,FOOD_AND_DRINK_RESTAURANT,lunch
322,14.37,Sweetgreen,amexgold,dining,FOOD_AND_DRINK_RESTAURANT,lunch
329,14.09,Sweetgreen,amexgold,dining,FOOD_AND_DRINK_RESTAURANT,lunch
338,13.84,Sweetgreen,amexgold,dining,FOOD_AND_DRINK_RESTAURANT,lunch
343,12.35,Sweetgreen,amexgold,dining,FOOD_AND_DRINK_RESTAURANT,lunch
351,13.31,Sweetgreen,amexgold,dining,FOOD_AND_DRINK_RESTAURANT,lunch
361,13.87,Sweetgreen,amexgold,dining,FOOD_AND_DRINK_RESTAURANT,lunch
368,14.00,Sweetgreen,amexgold,dining,FOOD_AND_DRINK_RESTAURANT,lunch
375,14.04,Sweetgreen,amexgold,dining,FOOD_AND_DRINK_RESTAURANT,lunch
384,13.52,Sweetgreen,amexgold,dining,FOOD_AND_DRINK_RESTAURANT,lunch
390,13.18,Sweetgreen,amexgold,dining,FOOD_AND_DRINK_RESTAURANT,lunch
399,13.70,Sweetgreen,amexgold,dining,FOOD_AND_DRINK_RESTAURANT,lunch
405,14.26,Sweetgreen,amexgold,dining,FOOD_AND_DRINK_RESTAURANT,lunch
413,12.92,Sweetgreen,amexgold,dining,FOOD_AND_DRINK_RESTAURANT,lunch
422,12.53,Sweetgreen,amexgold,dining,FOOD_AND_DRINK_RESTAURANT,lunch
42,95.00,Nike,sofi2,shopping,GENERAL_MERCHANDISE_CLOTHING_AND_ACCESSORIES,apparel|sneakers
70,120.00,Blundstone,sofi2,shopping,GENERAL_MERCHANDISE_CLOTHING_AND_ACCESSORIES,apparel|boots
49,85.00,Ticketmaster,sofi2,entertainment,ENTERTAINMENT_MUSIC_AND_AUDIO,tickets
22,52.00,Sunset Cinema,sofi2,entertainment,ENTERTAINMENT_MUSIC_AND_AUDIO,tickets
157,380.00,JetBlue,csp,travel,TRAVEL_FLIGHTS,trip|flight
124,206.00,Airbnb,csp,travel,TRAVEL_FLIGHTS,trip|stay
122,36.84,Schwartz's,csp,dining,FOOD_AND_DRINK_RESTAURANT,trip|food
121,25.42,Olive et Gourmando,csp,dining,FOOD_AND_DRINK_RESTAURANT,trip|food
120,27.59,Joe Beef,csp,dining,FOOD_AND_DRINK_RESTAURANT,trip|food
119,46.15,La Banquise,csp,dining,FOOD_AND_DRINK_RESTAURANT,trip|food
122,23.93,STM Métro,csp,transport,TRANSPORTATION_TAXIS_AND_RIDE_SHARES,trip|local
121,27.65,Bixi,csp,transport,TRANSPORTATION_TAXIS_AND_RIDE_SHARES,trip|local
120,26.41,Uber,csp,transport,TRANSPORTATION_TAXIS_AND_RIDE_SHARES,trip|local
425,12.94,El Jefe's Taqueria,csp,dining,FOOD_AND_DRINK_RESTAURANT,
424,12.53,Neptune Oyster,amexgold,dining,FOOD_AND_DRINK_RESTAURANT,
424,8.48,Row 34,amexgold,dining,FOOD_AND_DRINK_RESTAURANT,
423,15.10,Row 34,csp,dining,FOOD_AND_DRINK_RESTAURANT,
422,12.80,Pho Pasteur,amexgold,dining,FOOD_AND_DRINK_RESTAURANT,
421,8.48,El Pelón Taqueria,amexgold,dining,FOOD_AND_DRINK_RESTAURANT,
420,27.27,El Jefe's Taqueria,csp,dining,FOOD_AND_DRINK_RESTAURANT,
419,8.17,Life Alive,amexgold,dining,FOOD_AND_DRINK_RESTAURANT,
418,11.43,Mei Mei,sofi2,dining,FOOD_AND_DRINK_RESTAURANT,
418,16.04,Pho Pasteur,sofi2,dining,FOOD_AND_DRINK_RESTAURANT,
416,22.28,Clover Food Lab,sofi2,dining,FOOD_AND_DRINK_RESTAURANT,
415,15.61,Life Alive,csp,dining,FOOD_AND_DRINK_RESTAURANT,
415,8.72,Pho Pasteur,amexgold,dining,FOOD_AND_DRINK_RESTAURANT,
414,8.01,Mei Mei,sofi2,dining,FOOD_AND_DRINK_RESTAURANT,
413,19.32,Row 34,sofi2,dining,FOOD_AND_DRINK_RESTAURANT,
412,7.93,Dumpling House,csp,dining,FOOD_AND_DRINK_RESTAURANT,
411,9.98,Life Alive,csp,dining,FOOD_AND_DRINK_RESTAURANT,
410,8.99,El Pelón Taqueria,sofi2,dining,FOOD_AND_DRINK_RESTAURANT,
410,9.73,Row 34,sofi2,dining,FOOD_AND_DRINK_RESTAURANT,
408,30.25,Clover Food Lab,csp,dining,FOOD_AND_DRINK_RESTAURANT,
407,24.66,Neptune Oyster,csp,dining,FOOD_AND_DRINK_RESTAURANT,
405,22.28,Row 34,sofi2,dining,FOOD_AND_DRINK_RESTAURANT,
403,15.76,Row 34,sofi2,dining,FOOD_AND_DRINK_RESTAURANT,
402,32.65,Bon Me,amexgold,dining,FOOD_AND_DRINK_RESTAURANT,
400,18.10,Clover Food Lab,sofi2,dining,FOOD_AND_DRINK_RESTAURANT,
399,11.74,Pavement Coffeehouse,amexgold,dining,FOOD_AND_DRINK_RESTAURANT,
397,27.68,Dumpling House,csp,dining,FOOD_AND_DRINK_RESTAURANT,
395,15.17,Life Alive,csp,dining,FOOD_AND_DRINK_RESTAURANT,
394,27.14,Clover Food Lab,amexgold,dining,FOOD_AND_DRINK_RESTAURANT,
393,10.02,El Pelón Taqueria,csp,dining,FOOD_AND_DRINK_RESTAURANT,
393,9.85,Flour Bakery,sofi2,dining,FOOD_AND_DRINK_RESTAURANT,
392,21.83,Bon Me,amexgold,dining,FOOD_AND_DRINK_RESTAURANT,
389,26.22,Pavement Coffeehouse,csp,dining,FOOD_AND_DRINK_RESTAURANT,
388,13.59,Pho Pasteur,csp,dining,FOOD_AND_DRINK_RESTAURANT,
387,28.28,Clover Food Lab,csp,dining,FOOD_AND_DRINK_RESTAURANT,
386,12.92,Flour Bakery,sofi2,dining,FOOD_AND_DRINK_RESTAURANT,
385,14.76,Toro,amexgold,dining,FOOD_AND_DRINK_RESTAURANT,
384,8.16,Pho Pasteur,csp,dining,FOOD_AND_DRINK_RESTAURANT,
383,25.42,Life Alive,sofi2,dining,FOOD_AND_DRINK_RESTAURANT,
382,8.10,Toro,amexgold,dining,FOOD_AND_DRINK_RESTAURANT,
381,20.43,Mei Mei,sofi2,dining,FOOD_AND_DRINK_RESTAURANT,
380,17.92,Pavement Coffeehouse,sofi2,dining,FOOD_AND_DRINK_RESTAURANT,
379,10.96,Pho Pasteur,csp,dining,FOOD_AND_DRINK_RESTAURANT,
379,9.39,El Jefe's Taqueria,amexgold,dining,FOOD_AND_DRINK_RESTAURANT,
378,9.65,Bon Me,csp,dining,FOOD_AND_DRINK_RESTAURANT,
378,14.00,Flour Bakery,amexgold,dining,FOOD_AND_DRINK_RESTAURANT,
377,23.52,Clover Food Lab,sofi2,dining,FOOD_AND_DRINK_RESTAURANT,
376,8.27,Toro,amexgold,dining,FOOD_AND_DRINK_RESTAURANT,
375,10.88,Mei Mei,amexgold,dining,FOOD_AND_DRINK_RESTAURANT,
373,32.95,Flour Bakery,sofi2,dining,FOOD_AND_DRINK_RESTAURANT,
372,10.90,Clover Food Lab,amexgold,dining,FOOD_AND_DRINK_RESTAURANT,
371,21.70,Life Alive,csp,dining,FOOD_AND_DRINK_RESTAURANT,
370,8.99,Bon Me,csp,dining,FOOD_AND_DRINK_RESTAURANT,
370,8.41,Pho Pasteur,sofi2,dining,FOOD_AND_DRINK_RESTAURANT,
369,12.67,Pavement Coffeehouse,sofi2,dining,FOOD_AND_DRINK_RESTAURANT,
368,14.14,El Pelón Taqueria,amexgold,dining,FOOD_AND_DRINK_RESTAURANT,
368,8.46,Row 34,sofi2,dining,FOOD_AND_DRINK_RESTAURANT,
367,9.01,Bon Me,amexgold,dining,FOOD_AND_DRINK_RESTAURANT,
366,8.39,Clover Food Lab,csp,dining,FOOD_AND_DRINK_RESTAURANT,
366,15.79,Tatte Bakery,sofi2,dining,FOOD_AND_DRINK_RESTAURANT,
365,14.87,Bon Me,amexgold,dining,FOOD_AND_DRINK_RESTAURANT,
364,31.32,Flour Bakery,amexgold,dining,FOOD_AND_DRINK_RESTAURANT,
363,7.98,Neptune Oyster,sofi2,dining,FOOD_AND_DRINK_RESTAURANT,
361,22.70,Mei Mei,sofi2,dining,FOOD_AND_DRINK_RESTAURANT,
360,13.22,Tatte Bakery,csp,dining,FOOD_AND_DRINK_RESTAURANT,
359,14.49,Tatte Bakery,sofi2,dining,FOOD_AND_DRINK_RESTAURANT,
358,8.12,Pho Pasteur,sofi2,dining,FOOD_AND_DRINK_RESTAURANT,
358,9.06,El Jefe's Taqueria,csp,dining,FOOD_AND_DRINK_RESTAURANT,
357,17.72,El Jefe's Taqueria,sofi2,dining,FOOD_AND_DRINK_RESTAURANT,
357,8.56,El Pelón Taqueria,sofi2,dining,FOOD_AND_DRINK_RESTAURANT,
356,10.98,Tatte Bakery,csp,dining,FOOD_AND_DRINK_RESTAURANT,
355,22.75,El Jefe's Taqueria,csp,dining,FOOD_AND_DRINK_RESTAURANT,
354,9.54,El Jefe's Taqueria,amexgold,dining,FOOD_AND_DRINK_RESTAURANT,
353,26.87,Dumpling House,csp,dining,FOOD_AND_DRINK_RESTAURANT,
352,9.53,Row 34,amexgold,dining,FOOD_AND_DRINK_RESTAURANT,
351,19.23,Toro,sofi2,dining,FOOD_AND_DRINK_RESTAURANT,
350,22.78,Clover Food Lab,sofi2,dining,FOOD_AND_DRINK_RESTAURANT,
349,7.99,Flour Bakery,csp,dining,FOOD_AND_DRINK_RESTAURANT,
348,13.84,Row 34,csp,dining,FOOD_AND_DRINK_RESTAURANT,
348,13.10,Flour Bakery,amexgold,dining,FOOD_AND_DRINK_RESTAURANT,
347,20.72,Toro,sofi2,dining,FOOD_AND_DRINK_RESTAURANT,
346,8.78,Dumpling House,sofi2,dining,FOOD_AND_DRINK_RESTAURANT,
345,30.05,Mei Mei,csp,dining,FOOD_AND_DRINK_RESTAURANT,
343,28.71,El Jefe's Taqueria,amexgold,dining,FOOD_AND_DRINK_RESTAURANT,
341,16.14,El Jefe's Taqueria,csp,dining,FOOD_AND_DRINK_RESTAURANT,
341,13.52,Bon Me,amexgold,dining,FOOD_AND_DRINK_RESTAURANT,
340,20.96,Flour Bakery,sofi2,dining,FOOD_AND_DRINK_RESTAURANT,
338,25.63,El Jefe's Taqueria,amexgold,dining,FOOD_AND_DRINK_RESTAURANT,
336,29.08,Toro,csp,dining,FOOD_AND_DRINK_RESTAURANT,
335,13.97,Clover Food Lab,csp,dining,FOOD_AND_DRINK_RESTAURANT,
334,17.42,Life Alive,csp,dining,FOOD_AND_DRINK_RESTAURANT,
333,32.64,El Pelón Taqueria,sofi2,dining,FOOD_AND_DRINK_RESTAURANT,
331,24.73,El Pelón Taqueria,sofi2,dining,FOOD_AND_DRINK_RESTAURANT,
330,8.57,Pho Pasteur,sofi2,dining,FOOD_AND_DRINK_RESTAURANT,
330,7.95,El Jefe's Taqueria,sofi2,dining,FOOD_AND_DRINK_RESTAURANT,
329,19.69,Bon Me,amexgold,dining,FOOD_AND_DRINK_RESTAURANT,
327,25.95,El Jefe's Taqueria,sofi2,dining,FOOD_AND_DRINK_RESTAURANT,
326,18.89,Mei Mei,amexgold,dining,FOOD_AND_DRINK_RESTAURANT,
325,11.50,Bon Me,amexgold,dining,FOOD_AND_DRINK_RESTAURANT,
324,8.41,Mei Mei,csp,dining,FOOD_AND_DRINK_RESTAURANT,
324,11.49,Flour Bakery,sofi2,dining,FOOD_AND_DRINK_RESTAURANT,
323,12.20,Life Alive,sofi2,dining,FOOD_AND_DRINK_RESTAURANT,
323,7.93,Clover Food Lab,sofi2,dining,FOOD_AND_DRINK_RESTAURANT,
322,9.57,Flour Bakery,sofi2,dining,FOOD_AND_DRINK_RESTAURANT,
321,13.48,Dumpling House,sofi2,dining,FOOD_AND_DRINK_RESTAURANT,
320,18.09,Neptune Oyster,csp,dining,FOOD_AND_DRINK_RESTAURANT,
319,15.07,El Pelón Taqueria,amexgold,dining,FOOD_AND_DRINK_RESTAURANT,
318,16.94,Pho Pasteur,csp,dining,FOOD_AND_DRINK_RESTAURANT,
317,24.07,El Jefe's Taqueria,csp,dining,FOOD_AND_DRINK_RESTAURANT,
316,25.71,Dumpling House,csp,dining,FOOD_AND_DRINK_RESTAURANT,
315,8.65,El Pelón Taqueria,amexgold,dining,FOOD_AND_DRINK_RESTAURANT,
314,19.70,Clover Food Lab,csp,dining,FOOD_AND_DRINK_RESTAURANT,
312,15.54,Flour Bakery,sofi2,dining,FOOD_AND_DRINK_RESTAURANT,
311,23.11,Toro,amexgold,dining,FOOD_AND_DRINK_RESTAURANT,
310,8.15,Pavement Coffeehouse,amexgold,dining,FOOD_AND_DRINK_RESTAURANT,
310,7.95,Row 34,amexgold,dining,FOOD_AND_DRINK_RESTAURANT,
309,22.09,Flour Bakery,amexgold,dining,FOOD_AND_DRINK_RESTAURANT,
308,12.12,Life Alive,csp,dining,FOOD_AND_DRINK_RESTAURANT,
308,8.92,Bon Me,csp,dining,FOOD_AND_DRINK_RESTAURANT,
307,7.98,Flour Bakery,csp,dining,FOOD_AND_DRINK_RESTAURANT,
306,26.40,Flour Bakery,csp,dining,FOOD_AND_DRINK_RESTAURANT,
304,16.75,Dumpling House,csp,dining,FOOD_AND_DRINK_RESTAURANT,
303,8.89,Pho Pasteur,sofi2,dining,FOOD_AND_DRINK_RESTAURANT,
303,21.62,Mei Mei,sofi2,dining,FOOD_AND_DRINK_RESTAURANT,
301,30.63,El Jefe's Taqueria,csp,dining,FOOD_AND_DRINK_RESTAURANT,
300,10.84,Clover Food Lab,sofi2,dining,FOOD_AND_DRINK_RESTAURANT,
298,28.19,Clover Food Lab,csp,dining,FOOD_AND_DRINK_RESTAURANT,
296,29.02,Row 34,sofi2,dining,FOOD_AND_DRINK_RESTAURANT,
295,9.31,Tatte Bakery,amexgold,dining,FOOD_AND_DRINK_RESTAURANT,
294,32.56,Row 34,sofi2,dining,FOOD_AND_DRINK_RESTAURANT,
293,7.93,Clover Food Lab,csp,dining,FOOD_AND_DRINK_RESTAURANT,
292,32.87,Mei Mei,sofi2,dining,FOOD_AND_DRINK_RESTAURANT,
290,9.20,El Pelón Taqueria,amexgold,dining,FOOD_AND_DRINK_RESTAURANT,
289,14.62,Dumpling House,amexgold,dining,FOOD_AND_DRINK_RESTAURANT,
289,10.03,El Pelón Taqueria,csp,dining,FOOD_AND_DRINK_RESTAURANT,
288,10.47,Row 34,csp,dining,FOOD_AND_DRINK_RESTAURANT,
287,13.00,Tatte Bakery,csp,dining,FOOD_AND_DRINK_RESTAURANT,
286,28.58,Clover Food Lab,csp,dining,FOOD_AND_DRINK_RESTAURANT,
284,28.07,Flour Bakery,sofi2,dining,FOOD_AND_DRINK_RESTAURANT,
283,12.95,Flour Bakery,csp,dining,FOOD_AND_DRINK_RESTAURANT,
282,16.75,Clover Food Lab,csp,dining,FOOD_AND_DRINK_RESTAURANT,
281,12.18,Tatte Bakery,amexgold,dining,FOOD_AND_DRINK_RESTAURANT,
280,20.79,Dumpling House,amexgold,dining,FOOD_AND_DRINK_RESTAURANT,
279,7.93,Pho Pasteur,csp,dining,FOOD_AND_DRINK_RESTAURANT,
279,9.94,Toro,csp,dining,FOOD_AND_DRINK_RESTAURANT,
278,20.41,Pho Pasteur,sofi2,dining,FOOD_AND_DRINK_RESTAURANT,
277,9.10,Mei Mei,csp,dining,FOOD_AND_DRINK_RESTAURANT,
276,10.87,Neptune Oyster,csp,dining,FOOD_AND_DRINK_RESTAURANT,
275,13.50,Life Alive,amexgold,dining,FOOD_AND_DRINK_RESTAURANT,
274,8.93,Neptune Oyster,sofi2,dining,FOOD_AND_DRINK_RESTAURANT,
273,26.73,El Pelón Taqueria,csp,dining,FOOD_AND_DRINK_RESTAURANT,
272,8.69,Clover Food Lab,csp,dining,FOOD_AND_DRINK_RESTAURANT,
271,22.35,El Pelón Taqueria,csp,dining,FOOD_AND_DRINK_RESTAURANT,
270,11.53,Tatte Bakery,sofi2,dining,FOOD_AND_DRINK_RESTAURANT,
269,16.31,Tatte Bakery,amexgold,dining,FOOD_AND_DRINK_RESTAURANT,
267,26.68,Pho Pasteur,csp,dining,FOOD_AND_DRINK_RESTAURANT,
266,14.89,Flour Bakery,sofi2,dining,FOOD_AND_DRINK_RESTAURANT,
265,14.98,Clover Food Lab,csp,dining,FOOD_AND_DRINK_RESTAURANT,
264,28.63,Pavement Coffeehouse,amexgold,dining,FOOD_AND_DRINK_RESTAURANT,
263,9.21,Pavement Coffeehouse,csp,dining,FOOD_AND_DRINK_RESTAURANT,
262,20.54,Row 34,csp,dining,FOOD_AND_DRINK_RESTAURANT,
261,10.61,Dumpling House,csp,dining,FOOD_AND_DRINK_RESTAURANT,
260,18.53,Pavement Coffeehouse,sofi2,dining,FOOD_AND_DRINK_RESTAURANT,
259,9.37,Flour Bakery,csp,dining,FOOD_AND_DRINK_RESTAURANT,
258,14.73,Bon Me,csp,dining,FOOD_AND_DRINK_RESTAURANT,
257,12.18,El Pelón Taqueria,amexgold,dining,FOOD_AND_DRINK_RESTAURANT,
256,12.62,Toro,amexgold,dining,FOOD_AND_DRINK_RESTAURANT,
256,7.98,Pho Pasteur,csp,dining,FOOD_AND_DRINK_RESTAURANT,
255,22.88,Row 34,csp,dining,FOOD_AND_DRINK_RESTAURANT,
254,11.59,El Pelón Taqueria,sofi2,dining,FOOD_AND_DRINK_RESTAURANT,
253,12.83,Neptune Oyster,sofi2,dining,FOOD_AND_DRINK_RESTAURANT,
253,10.09,Flour Bakery,amexgold,dining,FOOD_AND_DRINK_RESTAURANT,
252,8.24,Life Alive,csp,dining,FOOD_AND_DRINK_RESTAURANT,
251,8.28,El Pelón Taqueria,amexgold,dining,FOOD_AND_DRINK_RESTAURANT,
250,22.36,Flour Bakery,amexgold,dining,FOOD_AND_DRINK_RESTAURANT,
249,17.72,Pavement Coffeehouse,amexgold,dining,FOOD_AND_DRINK_RESTAURANT,
247,26.04,Mei Mei,sofi2,dining,FOOD_AND_DRINK_RESTAURANT,
246,13.11,Dumpling House,amexgold,dining,FOOD_AND_DRINK_RESTAURANT,
245,11.90,Toro,csp,dining,FOOD_AND_DRINK_RESTAURANT,
244,13.85,Dumpling House,amexgold,dining,FOOD_AND_DRINK_RESTAURANT,
243,31.55,Bon Me,amexgold,dining,FOOD_AND_DRINK_RESTAURANT,
241,8.32,Tatte Bakery,sofi2,dining,FOOD_AND_DRINK_RESTAURANT,
241,23.96,El Pelón Taqueria,sofi2,dining,FOOD_AND_DRINK_RESTAURANT,
239,28.01,Mei Mei,sofi2,dining,FOOD_AND_DRINK_RESTAURANT,
237,14.53,Life Alive,amexgold,dining,FOOD_AND_DRINK_RESTAURANT,
236,7.92,Life Alive,sofi2,dining,FOOD_AND_DRINK_RESTAURANT,
235,30.08,Mei Mei,amexgold,dining,FOOD_AND_DRINK_RESTAURANT,
234,7.92,El Pelón Taqueria,sofi2,dining,FOOD_AND_DRINK_RESTAURANT,
233,18.15,Pho Pasteur,csp,dining,FOOD_AND_DRINK_RESTAURANT,
232,20.00,Life Alive,amexgold,dining,FOOD_AND_DRINK_RESTAURANT,
230,26.25,Mei Mei,csp,dining,FOOD_AND_DRINK_RESTAURANT,
229,11.40,Pho Pasteur,amexgold,dining,FOOD_AND_DRINK_RESTAURANT,
227,28.60,El Pelón Taqueria,csp,dining,FOOD_AND_DRINK_RESTAURANT,
226,9.00,Toro,sofi2,dining,FOOD_AND_DRINK_RESTAURANT,
226,7.96,Pavement Coffeehouse,csp,dining,FOOD_AND_DRINK_RESTAURANT,
224,31.07,El Pelón Taqueria,sofi2,dining,FOOD_AND_DRINK_RESTAURANT,
223,8.47,Dumpling House,amexgold,dining,FOOD_AND_DRINK_RESTAURANT,
222,8.04,Flour Bakery,csp,dining,FOOD_AND_DRINK_RESTAURANT,
221,17.12,Clover Food Lab,csp,dining,FOOD_AND_DRINK_RESTAURANT,
220,8.02,Pavement Coffeehouse,sofi2,dining,FOOD_AND_DRINK_RESTAURANT,
219,17.86,Dumpling House,sofi2,dining,FOOD_AND_DRINK_RESTAURANT,
219,9.20,Dumpling House,amexgold,dining,FOOD_AND_DRINK_RESTAURANT,
217,30.41,Tatte Bakery,amexgold,dining,FOOD_AND_DRINK_RESTAURANT,
216,17.31,Flour Bakery,csp,dining,FOOD_AND_DRINK_RESTAURANT,
215,12.56,Dumpling House,csp,dining,FOOD_AND_DRINK_RESTAURANT,
214,12.62,Bon Me,amexgold,dining,FOOD_AND_DRINK_RESTAURANT,
212,17.81,Clover Food Lab,csp,dining,FOOD_AND_DRINK_RESTAURANT,
211,27.59,Life Alive,csp,dining,FOOD_AND_DRINK_RESTAURANT,
210,23.37,Tatte Bakery,csp,dining,FOOD_AND_DRINK_RESTAURANT,
208,18.81,Dumpling House,amexgold,dining,FOOD_AND_DRINK_RESTAURANT,
206,32.37,Pavement Coffeehouse,csp,dining,FOOD_AND_DRINK_RESTAURANT,
204,29.71,Pavement Coffeehouse,amexgold,dining,FOOD_AND_DRINK_RESTAURANT,
202,14.21,Pavement Coffeehouse,amexgold,dining,FOOD_AND_DRINK_RESTAURANT,
201,14.13,Life Alive,csp,dining,FOOD_AND_DRINK_RESTAURANT,
200,21.29,Neptune Oyster,sofi2,dining,FOOD_AND_DRINK_RESTAURANT,
198,8.02,El Pelón Taqueria,sofi2,dining,FOOD_AND_DRINK_RESTAURANT,
198,13.32,Neptune Oyster,amexgold,dining,FOOD_AND_DRINK_RESTAURANT,
197,11.38,Mei Mei,amexgold,dining,FOOD_AND_DRINK_RESTAURANT,
196,7.94,Clover Food Lab,amexgold,dining,FOOD_AND_DRINK_RESTAURANT,
196,9.61,Toro,sofi2,dining,FOOD_AND_DRINK_RESTAURANT,
195,8.12,Bon Me,csp,dining,FOOD_AND_DRINK_RESTAURANT,
194,13.16,Neptune Oyster,csp,dining,FOOD_AND_DRINK_RESTAURANT,
193,16.84,Neptune Oyster,sofi2,dining,FOOD_AND_DRINK_RESTAURANT,
191,27.35,Bon Me,csp,dining,FOOD_AND_DRINK_RESTAURANT,
190,13.84,Dumpling House,csp,dining,FOOD_AND_DRINK_RESTAURANT,
188,32.53,Neptune Oyster,csp,dining,FOOD_AND_DRINK_RESTAURANT,
187,12.23,Neptune Oyster,sofi2,dining,FOOD_AND_DRINK_RESTAURANT,
186,11.12,Tatte Bakery,csp,dining,FOOD_AND_DRINK_RESTAURANT,
185,23.88,Row 34,sofi2,dining,FOOD_AND_DRINK_RESTAURANT,
182,27.25,Pavement Coffeehouse,csp,dining,FOOD_AND_DRINK_RESTAURANT,
181,14.52,Dumpling House,sofi2,dining,FOOD_AND_DRINK_RESTAURANT,
180,9.54,Toro,csp,dining,FOOD_AND_DRINK_RESTAURANT,
180,7.93,Pho Pasteur,sofi2,dining,FOOD_AND_DRINK_RESTAURANT,
179,8.64,Mei Mei,amexgold,dining,FOOD_AND_DRINK_RESTAURANT,
178,11.67,El Pelón Taqueria,csp,dining,FOOD_AND_DRINK_RESTAURANT,
177,21.03,Pavement Coffeehouse,sofi2,dining,FOOD_AND_DRINK_RESTAURANT,
175,9.72,Life Alive,csp,dining,FOOD_AND_DRINK_RESTAURANT,
175,9.59,Toro,sofi2,dining,FOOD_AND_DRINK_RESTAURANT,
174,22.37,Pavement Coffeehouse,csp,dining,FOOD_AND_DRINK_RESTAURANT,
173,9.55,Flour Bakery,csp,dining,FOOD_AND_DRINK_RESTAURANT,
172,9.85,Pavement Coffeehouse,sofi2,dining,FOOD_AND_DRINK_RESTAURANT,
171,17.96,Flour Bakery,csp,dining,FOOD_AND_DRINK_RESTAURANT,
169,29.19,Dumpling House,sofi2,dining,FOOD_AND_DRINK_RESTAURANT,
167,25.04,Pho Pasteur,sofi2,dining,FOOD_AND_DRINK_RESTAURANT,
166,21.10,Life Alive,amexgold,dining,FOOD_AND_DRINK_RESTAURANT,
165,8.28,Life Alive,csp,dining,FOOD_AND_DRINK_RESTAURANT,
164,16.11,Pavement Coffeehouse,csp,dining,FOOD_AND_DRINK_RESTAURANT,
163,11.35,Row 34,amexgold,dining,FOOD_AND_DRINK_RESTAURANT,
162,10.03,El Pelón Taqueria,sofi2,dining,FOOD_AND_DRINK_RESTAURANT,
161,16.15,Row 34,amexgold,dining,FOOD_AND_DRINK_RESTAURANT,
160,8.11,Pavement Coffeehouse,amexgold,dining,FOOD_AND_DRINK_RESTAURANT,
159,10.03,El Pelón Taqueria,csp,dining,FOOD_AND_DRINK_RESTAURANT,
159,9.48,Neptune Oyster,amexgold,dining,FOOD_AND_DRINK_RESTAURANT,
158,9.22,Pavement Coffeehouse,sofi2,dining,FOOD_AND_DRINK_RESTAURANT,
157,18.46,Dumpling House,sofi2,dining,FOOD_AND_DRINK_RESTAURANT,
156,8.70,Flour Bakery,csp,dining,FOOD_AND_DRINK_RESTAURANT,
156,16.89,Neptune Oyster,csp,dining,FOOD_AND_DRINK_RESTAURANT,
155,13.70,El Jefe's Taqueria,csp,dining,FOOD_AND_DRINK_RESTAURANT,
154,9.12,Clover Food Lab,sofi2,dining,FOOD_AND_DRINK_RESTAURANT,
153,17.67,Pho Pasteur,amexgold,dining,FOOD_AND_DRINK_RESTAURANT,
151,8.69,Pavement Coffeehouse,amexgold,dining,FOOD_AND_DRINK_RESTAURANT,
151,15.12,Bon Me,amexgold,dining,FOOD_AND_DRINK_RESTAURANT,
150,7.94,El Jefe's Taqueria,amexgold,dining,FOOD_AND_DRINK_RESTAURANT,
149,23.92,El Jefe's Taqueria,amexgold,dining,FOOD_AND_DRINK_RESTAURANT,
148,17.72,Row 34,csp,dining,FOOD_AND_DRINK_RESTAURANT,
146,25.89,El Pelón Taqueria,amexgold,dining,FOOD_AND_DRINK_RESTAURANT,
144,7.92,Life Alive,sofi2,dining,FOOD_AND_DRINK_RESTAURANT,
144,14.91,Pho Pasteur,amexgold,dining,FOOD_AND_DRINK_RESTAURANT,
143,9.36,Life Alive,csp,dining,FOOD_AND_DRINK_RESTAURANT,
142,8.36,Neptune Oyster,csp,dining,FOOD_AND_DRINK_RESTAURANT,
142,21.53,Bon Me,sofi2,dining,FOOD_AND_DRINK_RESTAURANT,
140,14.14,Pavement Coffeehouse,sofi2,dining,FOOD_AND_DRINK_RESTAURANT,
139,20.55,Life Alive,csp,dining,FOOD_AND_DRINK_RESTAURANT,
138,8.89,Toro,csp,dining,FOOD_AND_DRINK_RESTAURANT,
137,17.80,Mei Mei,sofi2,dining,FOOD_AND_DRINK_RESTAURANT,
135,31.87,Bon Me,sofi2,dining,FOOD_AND_DRINK_RESTAURANT,
134,9.42,Life Alive,amexgold,dining,FOOD_AND_DRINK_RESTAURANT,
133,10.22,Row 34,csp,dining,FOOD_AND_DRINK_RESTAURANT,
132,33.43,Bon Me,sofi2,dining,FOOD_AND_DRINK_RESTAURANT,
130,24.74,El Pelón Taqueria,sofi2,dining,FOOD_AND_DRINK_RESTAURANT,
128,26.76,Flour Bakery,sofi2,dining,FOOD_AND_DRINK_RESTAURANT,
127,11.50,Row 34,amexgold,dining,FOOD_AND_DRINK_RESTAURANT,
126,11.38,Tatte Bakery,sofi2,dining,FOOD_AND_DRINK_RESTAURANT,
125,9.04,Clover Food Lab,amexgold,dining,FOOD_AND_DRINK_RESTAURANT,
124,23.41,Neptune Oyster,amexgold,dining,FOOD_AND_DRINK_RESTAURANT,
113,8.47,Tatte Bakery,sofi2,dining,FOOD_AND_DRINK_RESTAURANT,
112,31.91,Neptune Oyster,amexgold,dining,FOOD_AND_DRINK_RESTAURANT,
110,28.51,Bon Me,amexgold,dining,FOOD_AND_DRINK_RESTAURANT,
108,10.73,Tatte Bakery,csp,dining,FOOD_AND_DRINK_RESTAURANT,
107,28.52,Clover Food Lab,sofi2,dining,FOOD_AND_DRINK_RESTAURANT,
105,25.83,Clover Food Lab,sofi2,dining,FOOD_AND_DRINK_RESTAURANT,
104,9.45,Mei Mei,csp,dining,FOOD_AND_DRINK_RESTAURANT,
103,9.23,El Pelón Taqueria,amexgold,dining,FOOD_AND_DRINK_RESTAURANT,
103,15.99,Life Alive,csp,dining,FOOD_AND_DRINK_RESTAURANT,
101,28.94,El Pelón Taqueria,sofi2,dining,FOOD_AND_DRINK_RESTAURANT,
99,8.78,Tatte Bakery,csp,dining,FOOD_AND_DRINK_RESTAURANT,
98,28.01,Dumpling House,sofi2,dining,FOOD_AND_DRINK_RESTAURANT,
97,8.02,Toro,csp,dining,FOOD_AND_DRINK_RESTAURANT,
96,11.73,Pho Pasteur,csp,dining,FOOD_AND_DRINK_RESTAURANT,
95,27.40,Tatte Bakery,amexgold,dining,FOOD_AND_DRINK_RESTAURANT,
94,7.95,Tatte Bakery,amexgold,dining,FOOD_AND_DRINK_RESTAURANT,
92,30.40,Pavement Coffeehouse,csp,dining,FOOD_AND_DRINK_RESTAURANT,
90,14.23,Neptune Oyster,csp,dining,FOOD_AND_DRINK_RESTAURANT,
89,9.26,Mei Mei,sofi2,dining,FOOD_AND_DRINK_RESTAURANT,
89,13.62,El Jefe's Taqueria,sofi2,dining,FOOD_AND_DRINK_RESTAURANT,
88,15.23,Toro,sofi2,dining,FOOD_AND_DRINK_RESTAURANT,
87,14.58,Clover Food Lab,amexgold,dining,FOOD_AND_DRINK_RESTAURANT,
87,8.46,Row 34,sofi2,dining,FOOD_AND_DRINK_RESTAURANT,
86,10.64,Mei Mei,amexgold,dining,FOOD_AND_DRINK_RESTAURANT,
85,13.82,Dumpling House,csp,dining,FOOD_AND_DRINK_RESTAURANT,
84,14.90,El Jefe's Taqueria,amexgold,dining,FOOD_AND_DRINK_RESTAURANT,
83,14.18,Bon Me,amexgold,dining,FOOD_AND_DRINK_RESTAURANT,
82,7.93,Mei Mei,amexgold,dining,FOOD_AND_DRINK_RESTAURANT,
82,12.72,Pavement Coffeehouse,sofi2,dining,FOOD_AND_DRINK_RESTAURANT,
81,18.05,Dumpling House,csp,dining,FOOD_AND_DRINK_RESTAURANT,
80,9.14,Pavement Coffeehouse,amexgold,dining,FOOD_AND_DRINK_RESTAURANT,
79,20.31,Life Alive,csp,dining,FOOD_AND_DRINK_RESTAURANT,
78,17.51,Neptune Oyster,csp,dining,FOOD_AND_DRINK_RESTAURANT,
77,16.24,Mei Mei,csp,dining,FOOD_AND_DRINK_RESTAURANT,
76,9.23,Dumpling House,csp,dining,FOOD_AND_DRINK_RESTAURANT,
75,8.39,El Jefe's Taqueria,csp,dining,FOOD_AND_DRINK_RESTAURANT,
75,9.38,Dumpling House,amexgold,dining,FOOD_AND_DRINK_RESTAURANT,
74,9.43,Bon Me,amexgold,dining,FOOD_AND_DRINK_RESTAURANT,
74,12.68,Life Alive,csp,dining,FOOD_AND_DRINK_RESTAURANT,
73,13.26,Pho Pasteur,csp,dining,FOOD_AND_DRINK_RESTAURANT,
73,8.33,Tatte Bakery,sofi2,dining,FOOD_AND_DRINK_RESTAURANT,
72,9.19,Row 34,csp,dining,FOOD_AND_DRINK_RESTAURANT,
71,23.02,Flour Bakery,csp,dining,FOOD_AND_DRINK_RESTAURANT,
69,25.27,Flour Bakery,csp,dining,FOOD_AND_DRINK_RESTAURANT,
68,9.37,Clover Food Lab,sofi2,dining,FOOD_AND_DRINK_RESTAURANT,
67,30.17,Bon Me,sofi2,dining,FOOD_AND_DRINK_RESTAURANT,
66,18.43,Tatte Bakery,amexgold,dining,FOOD_AND_DRINK_RESTAURANT,
65,8.30,Pavement Coffeehouse,sofi2,dining,FOOD_AND_DRINK_RESTAURANT,
64,13.89,Row 34,amexgold,dining,FOOD_AND_DRINK_RESTAURANT,
63,17.27,Pavement Coffeehouse,amexgold,dining,FOOD_AND_DRINK_RESTAURANT,
62,12.34,El Pelón Taqueria,sofi2,dining,FOOD_AND_DRINK_RESTAURANT,
61,21.66,Toro,csp,dining,FOOD_AND_DRINK_RESTAURANT,
60,29.47,Mei Mei,amexgold,dining,FOOD_AND_DRINK_RESTAURANT,
59,8.00,Dumpling House,amexgold,dining,FOOD_AND_DRINK_RESTAURANT,
58,25.74,Life Alive,csp,dining,FOOD_AND_DRINK_RESTAURANT,
57,8.00,El Pelón Taqueria,csp,dining,FOOD_AND_DRINK_RESTAURANT,
56,17.40,Neptune Oyster,csp,dining,FOOD_AND_DRINK_RESTAURANT,
54,24.06,Bon Me,sofi2,dining,FOOD_AND_DRINK_RESTAURANT,
53,10.47,Tatte Bakery,amexgold,dining,FOOD_AND_DRINK_RESTAURANT,
52,14.12,Mei Mei,sofi2,dining,FOOD_AND_DRINK_RESTAURANT,
51,15.74,Flour Bakery,sofi2,dining,FOOD_AND_DRINK_RESTAURANT,
50,18.16,Bon Me,amexgold,dining,FOOD_AND_DRINK_RESTAURANT,
49,8.56,Toro,amexgold,dining,FOOD_AND_DRINK_RESTAURANT,
48,23.15,Toro,amexgold,dining,FOOD_AND_DRINK_RESTAURANT,
47,8.07,Neptune Oyster,csp,dining,FOOD_AND_DRINK_RESTAURANT,
46,13.11,Pho Pasteur,sofi2,dining,FOOD_AND_DRINK_RESTAURANT,
45,31.58,El Jefe's Taqueria,csp,dining,FOOD_AND_DRINK_RESTAURANT,
44,11.53,Pho Pasteur,sofi2,dining,FOOD_AND_DRINK_RESTAURANT,
43,16.37,Pho Pasteur,amexgold,dining,FOOD_AND_DRINK_RESTAURANT,
42,8.08,Toro,amexgold,dining,FOOD_AND_DRINK_RESTAURANT,
41,21.46,Bon Me,csp,dining,FOOD_AND_DRINK_RESTAURANT,
40,9.05,Dumpling House,sofi2,dining,FOOD_AND_DRINK_RESTAURANT,
39,8.27,Tatte Bakery,csp,dining,FOOD_AND_DRINK_RESTAURANT,
38,30.75,Dumpling House,amexgold,dining,FOOD_AND_DRINK_RESTAURANT,
37,8.18,El Pelón Taqueria,csp,dining,FOOD_AND_DRINK_RESTAURANT,
36,33.41,El Jefe's Taqueria,csp,dining,FOOD_AND_DRINK_RESTAURANT,
34,12.29,Pho Pasteur,sofi2,dining,FOOD_AND_DRINK_RESTAURANT,
33,19.38,Tatte Bakery,sofi2,dining,FOOD_AND_DRINK_RESTAURANT,
32,30.41,Flour Bakery,csp,dining,FOOD_AND_DRINK_RESTAURANT,
30,9.89,Clover Food Lab,amexgold,dining,FOOD_AND_DRINK_RESTAURANT,
29,8.80,Clover Food Lab,sofi2,dining,FOOD_AND_DRINK_RESTAURANT,
29,11.61,El Pelón Taqueria,amexgold,dining,FOOD_AND_DRINK_RESTAURANT,
27,28.85,Dumpling House,csp,dining,FOOD_AND_DRINK_RESTAURANT,
26,11.97,Dumpling House,csp,dining,FOOD_AND_DRINK_RESTAURANT,
24,32.13,Bon Me,csp,dining,FOOD_AND_DRINK_RESTAURANT,
23,7.97,Tatte Bakery,amexgold,dining,FOOD_AND_DRINK_RESTAURANT,
22,24.26,Row 34,amexgold,dining,FOOD_AND_DRINK_RESTAURANT,
20,22.81,Bon Me,sofi2,dining,FOOD_AND_DRINK_RESTAURANT,
19,13.54,Clover Food Lab,sofi2,dining,FOOD_AND_DRINK_RESTAURANT,
18,27.73,Tatte Bakery,sofi2,dining,FOOD_AND_DRINK_RESTAURANT,
16,12.65,Row 34,sofi2,dining,FOOD_AND_DRINK_RESTAURANT,
15,23.60,Row 34,amexgold,dining,FOOD_AND_DRINK_RESTAURANT,
14,13.11,Tatte Bakery,sofi2,dining,FOOD_AND_DRINK_RESTAURANT,
12,31.26,Row 34,sofi2,dining,FOOD_AND_DRINK_RESTAURANT,
11,9.81,Tatte Bakery,sofi2,dining,FOOD_AND_DRINK_RESTAURANT,
10,15.93,Pho Pasteur,amexgold,dining,FOOD_AND_DRINK_RESTAURANT,
9,15.31,Tatte Bakery,sofi2,dining,FOOD_AND_DRINK_RESTAURANT,
7,31.55,Row 34,amexgold,dining,FOOD_AND_DRINK_RESTAURANT,
6,13.46,El Jefe's Taqueria,amexgold,dining,FOOD_AND_DRINK_RESTAURANT,
5,9.93,Neptune Oyster,amexgold,dining,FOOD_AND_DRINK_RESTAURANT,
4,32.88,Pho Pasteur,csp,dining,FOOD_AND_DRINK_RESTAURANT,
2,8.05,Tatte Bakery,sofi2,dining,FOOD_AND_DRINK_RESTAURANT,
1,12.60,Row 34,csp,dining,FOOD_AND_DRINK_RESTAURANT,
0,30.36,Dumpling House,sofi2,dining,FOOD_AND_DRINK_RESTAURANT,
425,29.15,Trader Joe's,checking,groceries,FOOD_AND_DRINK_GROCERIES,
423,16.78,Stop & Shop,checking,groceries,FOOD_AND_DRINK_GROCERIES,
421,55.23,H Mart,checking,groceries,FOOD_AND_DRINK_GROCERIES,
419,22.17,H Mart,checking,groceries,FOOD_AND_DRINK_GROCERIES,
417,18.15,Stop & Shop,checking,groceries,FOOD_AND_DRINK_GROCERIES,
416,15.99,Star Market,checking,groceries,FOOD_AND_DRINK_GROCERIES,
414,35.63,Whole Foods,checking,groceries,FOOD_AND_DRINK_GROCERIES,
411,60.38,Stop & Shop,checking,groceries,FOOD_AND_DRINK_GROCERIES,
408,18.16,Whole Foods,checking,groceries,FOOD_AND_DRINK_GROCERIES,
407,18.81,Whole Foods,checking,groceries,FOOD_AND_DRINK_GROCERIES,
406,16.46,Star Market,checking,groceries,FOOD_AND_DRINK_GROCERIES,
405,18.22,Whole Foods,checking,groceries,FOOD_AND_DRINK_GROCERIES,
401,79.17,Whole Foods,checking,groceries,FOOD_AND_DRINK_GROCERIES,
397,51.66,Whole Foods,checking,groceries,FOOD_AND_DRINK_GROCERIES,
394,34.62,Harvest Co-op,checking,groceries,FOOD_AND_DRINK_GROCERIES,
390,69.70,H Mart,checking,groceries,FOOD_AND_DRINK_GROCERIES,
386,58.41,H Mart,checking,groceries,FOOD_AND_DRINK_GROCERIES,
384,16.33,Trader Joe's,checking,groceries,FOOD_AND_DRINK_GROCERIES,
382,48.48,Star Market,checking,groceries,FOOD_AND_DRINK_GROCERIES,
380,17.79,Whole Foods,checking,groceries,FOOD_AND_DRINK_GROCERIES,
378,63.00,Whole Foods,checking,groceries,FOOD_AND_DRINK_GROCERIES,
375,48.70,Star Market,checking,groceries,FOOD_AND_DRINK_GROCERIES,
373,17.02,H Mart,checking,groceries,FOOD_AND_DRINK_GROCERIES,
371,50.11,Harvest Co-op,checking,groceries,FOOD_AND_DRINK_GROCERIES,
368,22.81,Star Market,checking,groceries,FOOD_AND_DRINK_GROCERIES,
367,16.42,Stop & Shop,checking,groceries,FOOD_AND_DRINK_GROCERIES,
365,56.23,H Mart,checking,groceries,FOOD_AND_DRINK_GROCERIES,
361,76.16,Whole Foods,checking,groceries,FOOD_AND_DRINK_GROCERIES,
357,51.94,Trader Joe's,checking,groceries,FOOD_AND_DRINK_GROCERIES,
354,65.85,H Mart,checking,groceries,FOOD_AND_DRINK_GROCERIES,
350,70.31,Stop & Shop,checking,groceries,FOOD_AND_DRINK_GROCERIES,
347,16.21,Stop & Shop,checking,groceries,FOOD_AND_DRINK_GROCERIES,
346,17.46,H Mart,checking,groceries,FOOD_AND_DRINK_GROCERIES,
345,23.55,Whole Foods,checking,groceries,FOOD_AND_DRINK_GROCERIES,
342,70.35,Trader Joe's,checking,groceries,FOOD_AND_DRINK_GROCERIES,
340,24.13,Whole Foods,checking,groceries,FOOD_AND_DRINK_GROCERIES,
337,75.14,H Mart,checking,groceries,FOOD_AND_DRINK_GROCERIES,
334,17.93,Stop & Shop,checking,groceries,FOOD_AND_DRINK_GROCERIES,
332,51.45,Whole Foods,checking,groceries,FOOD_AND_DRINK_GROCERIES,
328,69.53,H Mart,checking,groceries,FOOD_AND_DRINK_GROCERIES,
325,21.64,Trader Joe's,checking,groceries,FOOD_AND_DRINK_GROCERIES,
322,78.84,Trader Joe's,checking,groceries,FOOD_AND_DRINK_GROCERIES,
319,41.46,H Mart,checking,groceries,FOOD_AND_DRINK_GROCERIES,
317,17.16,H Mart,checking,groceries,FOOD_AND_DRINK_GROCERIES,
315,43.39,Whole Foods,checking,groceries,FOOD_AND_DRINK_GROCERIES,
313,16.33,Star Market,checking,groceries,FOOD_AND_DRINK_GROCERIES,
312,24.12,Harvest Co-op,checking,groceries,FOOD_AND_DRINK_GROCERIES,
310,43.47,Trader Joe's,checking,groceries,FOOD_AND_DRINK_GROCERIES,
307,74.11,Trader Joe's,checking,groceries,FOOD_AND_DRINK_GROCERIES,
304,19.75,Whole Foods,checking,groceries,FOOD_AND_DRINK_GROCERIES,
302,36.55,H Mart,checking,groceries,FOOD_AND_DRINK_GROCERIES,
300,46.29,Harvest Co-op,checking,groceries,FOOD_AND_DRINK_GROCERIES,
297,41.90,Star Market,checking,groceries,FOOD_AND_DRINK_GROCERIES,
294,42.78,Stop & Shop,checking,groceries,FOOD_AND_DRINK_GROCERIES,
292,16.00,Stop & Shop,checking,groceries,FOOD_AND_DRINK_GROCERIES,
291,19.51,Trader Joe's,checking,groceries,FOOD_AND_DRINK_GROCERIES,
289,46.12,Star Market,checking,groceries,FOOD_AND_DRINK_GROCERIES,
287,16.15,Harvest Co-op,checking,groceries,FOOD_AND_DRINK_GROCERIES,
286,17.10,Stop & Shop,checking,groceries,FOOD_AND_DRINK_GROCERIES,
284,47.35,Harvest Co-op,checking,groceries,FOOD_AND_DRINK_GROCERIES,
282,27.75,Trader Joe's,checking,groceries,FOOD_AND_DRINK_GROCERIES,
279,60.46,Whole Foods,checking,groceries,FOOD_AND_DRINK_GROCERIES,
276,51.56,H Mart,checking,groceries,FOOD_AND_DRINK_GROCERIES,
272,69.90,H Mart,checking,groceries,FOOD_AND_DRINK_GROCERIES,
268,54.92,Whole Foods,checking,groceries,FOOD_AND_DRINK_GROCERIES,
265,38.59,Trader Joe's,checking,groceries,FOOD_AND_DRINK_GROCERIES,
262,43.40,Stop & Shop,checking,groceries,FOOD_AND_DRINK_GROCERIES,
260,36.87,Whole Foods,checking,groceries,FOOD_AND_DRINK_GROCERIES,
258,16.17,Whole Foods,checking,groceries,FOOD_AND_DRINK_GROCERIES,
257,16.47,Trader Joe's,checking,groceries,FOOD_AND_DRINK_GROCERIES,
254,62.70,Trader Joe's,checking,groceries,FOOD_AND_DRINK_GROCERIES,
251,53.70,Star Market,checking,groceries,FOOD_AND_DRINK_GROCERIES,
248,16.06,H Mart,checking,groceries,FOOD_AND_DRINK_GROCERIES,
246,51.16,Trader Joe's,checking,groceries,FOOD_AND_DRINK_GROCERIES,
243,60.03,Trader Joe's,checking,groceries,FOOD_AND_DRINK_GROCERIES,
240,15.99,Star Market,checking,groceries,FOOD_AND_DRINK_GROCERIES,
238,40.27,Whole Foods,checking,groceries,FOOD_AND_DRINK_GROCERIES,
236,31.68,Star Market,checking,groceries,FOOD_AND_DRINK_GROCERIES,
234,30.97,Stop & Shop,checking,groceries,FOOD_AND_DRINK_GROCERIES,
231,58.51,H Mart,checking,groceries,FOOD_AND_DRINK_GROCERIES,
227,42.54,Trader Joe's,checking,groceries,FOOD_AND_DRINK_GROCERIES,
224,71.17,Trader Joe's,checking,groceries,FOOD_AND_DRINK_GROCERIES,
219,76.42,Star Market,checking,groceries,FOOD_AND_DRINK_GROCERIES,
215,29.78,Whole Foods,checking,groceries,FOOD_AND_DRINK_GROCERIES,
213,23.73,Stop & Shop,checking,groceries,FOOD_AND_DRINK_GROCERIES,
212,20.56,Harvest Co-op,checking,groceries,FOOD_AND_DRINK_GROCERIES,
211,18.23,Harvest Co-op,checking,groceries,FOOD_AND_DRINK_GROCERIES,
208,46.64,H Mart,checking,groceries,FOOD_AND_DRINK_GROCERIES,
206,27.58,Whole Foods,checking,groceries,FOOD_AND_DRINK_GROCERIES,
204,22.72,Harvest Co-op,checking,groceries,FOOD_AND_DRINK_GROCERIES,
202,32.23,Stop & Shop,checking,groceries,FOOD_AND_DRINK_GROCERIES,
200,15.97,H Mart,checking,groceries,FOOD_AND_DRINK_GROCERIES,
198,34.65,H Mart,checking,groceries,FOOD_AND_DRINK_GROCERIES,
196,44.68,Harvest Co-op,checking,groceries,FOOD_AND_DRINK_GROCERIES,
193,26.07,Whole Foods,checking,groceries,FOOD_AND_DRINK_GROCERIES,
192,16.73,Star Market,checking,groceries,FOOD_AND_DRINK_GROCERIES,
190,16.01,Harvest Co-op,checking,groceries,FOOD_AND_DRINK_GROCERIES,
189,26.99,Star Market,checking,groceries,FOOD_AND_DRINK_GROCERIES,
187,26.60,Whole Foods,checking,groceries,FOOD_AND_DRINK_GROCERIES,
183,82.65,Whole Foods,checking,groceries,FOOD_AND_DRINK_GROCERIES,
180,15.96,Stop & Shop,checking,groceries,FOOD_AND_DRINK_GROCERIES,
178,44.02,Trader Joe's,checking,groceries,FOOD_AND_DRINK_GROCERIES,
175,17.96,Trader Joe's,checking,groceries,FOOD_AND_DRINK_GROCERIES,
174,18.64,Stop & Shop,checking,groceries,FOOD_AND_DRINK_GROCERIES,
173,20.08,Trader Joe's,checking,groceries,FOOD_AND_DRINK_GROCERIES,
169,82.45,Harvest Co-op,checking,groceries,FOOD_AND_DRINK_GROCERIES,
164,75.98,Star Market,checking,groceries,FOOD_AND_DRINK_GROCERIES,
158,77.30,Harvest Co-op,checking,groceries,FOOD_AND_DRINK_GROCERIES,
154,57.46,Trader Joe's,checking,groceries,FOOD_AND_DRINK_GROCERIES,
150,36.56,Whole Foods,checking,groceries,FOOD_AND_DRINK_GROCERIES,
149,20.50,Star Market,checking,groceries,FOOD_AND_DRINK_GROCERIES,
146,53.01,Harvest Co-op,checking,groceries,FOOD_AND_DRINK_GROCERIES,
143,47.28,H Mart,checking,groceries,FOOD_AND_DRINK_GROCERIES,
140,36.73,H Mart,checking,groceries,FOOD_AND_DRINK_GROCERIES,
138,18.75,Trader Joe's,checking,groceries,FOOD_AND_DRINK_GROCERIES,
137,17.93,Whole Foods,checking,groceries,FOOD_AND_DRINK_GROCERIES,
134,70.67,Star Market,checking,groceries,FOOD_AND_DRINK_GROCERIES,
130,48.47,Star Market,checking,groceries,FOOD_AND_DRINK_GROCERIES,
126,67.26,Trader Joe's,checking,groceries,FOOD_AND_DRINK_GROCERIES,
121,76.49,Stop & Shop,checking,groceries,FOOD_AND_DRINK_GROCERIES,
117,32.01,Whole Foods,checking,groceries,FOOD_AND_DRINK_GROCERIES,
115,45.96,H Mart,checking,groceries,FOOD_AND_DRINK_GROCERIES,
112,46.10,Star Market,checking,groceries,FOOD_AND_DRINK_GROCERIES,
109,17.09,Trader Joe's,checking,groceries,FOOD_AND_DRINK_GROCERIES,
108,28.98,Trader Joe's,checking,groceries,FOOD_AND_DRINK_GROCERIES,
106,23.13,Whole Foods,checking,groceries,FOOD_AND_DRINK_GROCERIES,
105,16.01,Harvest Co-op,checking,groceries,FOOD_AND_DRINK_GROCERIES,
103,16.99,Whole Foods,checking,groceries,FOOD_AND_DRINK_GROCERIES,
101,44.83,Stop & Shop,checking,groceries,FOOD_AND_DRINK_GROCERIES,
99,24.59,Star Market,checking,groceries,FOOD_AND_DRINK_GROCERIES,
96,61.69,Whole Foods,checking,groceries,FOOD_AND_DRINK_GROCERIES,
93,16.94,Whole Foods,checking,groceries,FOOD_AND_DRINK_GROCERIES,
91,37.68,Harvest Co-op,checking,groceries,FOOD_AND_DRINK_GROCERIES,
89,19.28,Star Market,checking,groceries,FOOD_AND_DRINK_GROCERIES,
87,72.00,Star Market,checking,groceries,FOOD_AND_DRINK_GROCERIES,
84,18.07,Whole Foods,checking,groceries,FOOD_AND_DRINK_GROCERIES,
83,21.99,Stop & Shop,checking,groceries,FOOD_AND_DRINK_GROCERIES,
81,28.97,Stop & Shop,checking,groceries,FOOD_AND_DRINK_GROCERIES,
79,42.91,Star Market,checking,groceries,FOOD_AND_DRINK_GROCERIES,
77,15.90,H Mart,checking,groceries,FOOD_AND_DRINK_GROCERIES,
75,48.18,Stop & Shop,checking,groceries,FOOD_AND_DRINK_GROCERIES,
72,71.22,Whole Foods,checking,groceries,FOOD_AND_DRINK_GROCERIES,
69,23.61,Whole Foods,checking,groceries,FOOD_AND_DRINK_GROCERIES,
68,16.29,Stop & Shop,checking,groceries,FOOD_AND_DRINK_GROCERIES,
67,17.07,Harvest Co-op,checking,groceries,FOOD_AND_DRINK_GROCERIES,
65,18.64,Stop & Shop,checking,groceries,FOOD_AND_DRINK_GROCERIES,
64,18.13,Harvest Co-op,checking,groceries,FOOD_AND_DRINK_GROCERIES,
63,31.49,H Mart,checking,groceries,FOOD_AND_DRINK_GROCERIES,
61,17.49,Trader Joe's,checking,groceries,FOOD_AND_DRINK_GROCERIES,
60,16.33,H Mart,checking,groceries,FOOD_AND_DRINK_GROCERIES,
59,15.87,Harvest Co-op,checking,groceries,FOOD_AND_DRINK_GROCERIES,
58,16.90,Stop & Shop,checking,groceries,FOOD_AND_DRINK_GROCERIES,
57,19.63,Trader Joe's,checking,groceries,FOOD_AND_DRINK_GROCERIES,
55,56.43,Trader Joe's,checking,groceries,FOOD_AND_DRINK_GROCERIES,
51,74.81,Stop & Shop,checking,groceries,FOOD_AND_DRINK_GROCERIES,
48,18.98,H Mart,checking,groceries,FOOD_AND_DRINK_GROCERIES,
46,36.40,Trader Joe's,checking,groceries,FOOD_AND_DRINK_GROCERIES,
44,26.81,Harvest Co-op,checking,groceries,FOOD_AND_DRINK_GROCERIES,
42,15.99,H Mart,checking,groceries,FOOD_AND_DRINK_GROCERIES,
41,16.50,H Mart,checking,groceries,FOOD_AND_DRINK_GROCERIES,
40,36.59,Trader Joe's,checking,groceries,FOOD_AND_DRINK_GROCERIES,
37,30.27,Star Market,checking,groceries,FOOD_AND_DRINK_GROCERIES,
34,80.20,Harvest Co-op,checking,groceries,FOOD_AND_DRINK_GROCERIES,
31,18.27,Stop & Shop,checking,groceries,FOOD_AND_DRINK_GROCERIES,
29,26.46,Harvest Co-op,checking,groceries,FOOD_AND_DRINK_GROCERIES,
27,22.69,Whole Foods,checking,groceries,FOOD_AND_DRINK_GROCERIES,
22,82.18,Stop & Shop,checking,groceries,FOOD_AND_DRINK_GROCERIES,
18,35.44,Harvest Co-op,checking,groceries,FOOD_AND_DRINK_GROCERIES,
15,16.41,Trader Joe's,checking,groceries,FOOD_AND_DRINK_GROCERIES,
12,67.84,H Mart,checking,groceries,FOOD_AND_DRINK_GROCERIES,
8,25.87,Whole Foods,checking,groceries,FOOD_AND_DRINK_GROCERIES,
6,15.85,Star Market,checking,groceries,FOOD_AND_DRINK_GROCERIES,
3,60.27,Star Market,checking,groceries,FOOD_AND_DRINK_GROCERIES,
425,8.26,Lyft,sofi2,transport,TRANSPORTATION_TAXIS_AND_RIDE_SHARES,
422,17.47,Bluebikes,checking,transport,TRANSPORTATION_TAXIS_AND_RIDE_SHARES,
418,24.27,MBTA,checking,transport,TRANSPORTATION_TAXIS_AND_RIDE_SHARES,
416,3.52,Shell,sofi2,transport,TRANSPORTATION_TAXIS_AND_RIDE_SHARES,
413,21.45,Lyft,sofi2,transport,TRANSPORTATION_TAXIS_AND_RIDE_SHARES,
409,15.82,Bluebikes,sofi2,transport,TRANSPORTATION_TAXIS_AND_RIDE_SHARES,
406,20.05,Logan Parking,cfu,transport,TRANSPORTATION_TAXIS_AND_RIDE_SHARES,
402,16.34,Bluebikes,cfu,transport,TRANSPORTATION_TAXIS_AND_RIDE_SHARES,
399,11.34,Lyft,cfu,transport,TRANSPORTATION_TAXIS_AND_RIDE_SHARES,
397,5.61,Uber,checking,transport,TRANSPORTATION_TAXIS_AND_RIDE_SHARES,
394,23.27,Uber,sofi2,transport,TRANSPORTATION_TAXIS_AND_RIDE_SHARES,
390,15.88,Uber,checking,transport,TRANSPORTATION_TAXIS_AND_RIDE_SHARES,
387,17.87,MBTA,sofi2,transport,TRANSPORTATION_TAXIS_AND_RIDE_SHARES,
383,23.84,MBTA,checking,transport,TRANSPORTATION_TAXIS_AND_RIDE_SHARES,
381,3.55,Lyft,sofi2,transport,TRANSPORTATION_TAXIS_AND_RIDE_SHARES,
380,11.41,Uber,checking,transport,TRANSPORTATION_TAXIS_AND_RIDE_SHARES,
378,10.04,Bluebikes,cfu,transport,TRANSPORTATION_TAXIS_AND_RIDE_SHARES,
376,12.33,Bluebikes,checking,transport,TRANSPORTATION_TAXIS_AND_RIDE_SHARES,
373,13.72,Bluebikes,cfu,transport,TRANSPORTATION_TAXIS_AND_RIDE_SHARES,
372,6.90,Uber,cfu,transport,TRANSPORTATION_TAXIS_AND_RIDE_SHARES,
370,14.32,Bluebikes,checking,transport,TRANSPORTATION_TAXIS_AND_RIDE_SHARES,
367,18.49,Bluebikes,checking,transport,TRANSPORTATION_TAXIS_AND_RIDE_SHARES,
364,14.71,Logan Parking,sofi2,transport,TRANSPORTATION_TAXIS_AND_RIDE_SHARES,
362,4.90,Bluebikes,cfu,transport,TRANSPORTATION_TAXIS_AND_RIDE_SHARES,
360,13.65,MBTA,checking,transport,TRANSPORTATION_TAXIS_AND_RIDE_SHARES,
359,7.84,Lyft,cfu,transport,TRANSPORTATION_TAXIS_AND_RIDE_SHARES,
357,4.30,Logan Parking,sofi2,transport,TRANSPORTATION_TAXIS_AND_RIDE_SHARES,
356,12.01,Shell,checking,transport,TRANSPORTATION_TAXIS_AND_RIDE_SHARES,
353,20.78,MBTA,sofi2,transport,TRANSPORTATION_TAXIS_AND_RIDE_SHARES,
351,4.44,Uber,cfu,transport,TRANSPORTATION_TAXIS_AND_RIDE_SHARES,
350,4.71,Uber,checking,transport,TRANSPORTATION_TAXIS_AND_RIDE_SHARES,
349,11.39,MBTA,cfu,transport,TRANSPORTATION_TAXIS_AND_RIDE_SHARES,
347,4.00,Uber,cfu,transport,TRANSPORTATION_TAXIS_AND_RIDE_SHARES,
347,3.82,Uber,sofi2,transport,TRANSPORTATION_TAXIS_AND_RIDE_SHARES,
346,3.77,Lyft,sofi2,transport,TRANSPORTATION_TAXIS_AND_RIDE_SHARES,
344,14.66,Uber,checking,transport,TRANSPORTATION_TAXIS_AND_RIDE_SHARES,
342,6.61,Logan Parking,sofi2,transport,TRANSPORTATION_TAXIS_AND_RIDE_SHARES,
341,3.53,Bluebikes,cfu,transport,TRANSPORTATION_TAXIS_AND_RIDE_SHARES,
339,21.52,Lyft,checking,transport,TRANSPORTATION_TAXIS_AND_RIDE_SHARES,
335,20.25,Lyft,sofi2,transport,TRANSPORTATION_TAXIS_AND_RIDE_SHARES,
333,8.42,Uber,checking,transport,TRANSPORTATION_TAXIS_AND_RIDE_SHARES,
332,3.59,Lyft,cfu,transport,TRANSPORTATION_TAXIS_AND_RIDE_SHARES,
331,9.59,Shell,checking,transport,TRANSPORTATION_TAXIS_AND_RIDE_SHARES,
329,5.66,Bluebikes,sofi2,transport,TRANSPORTATION_TAXIS_AND_RIDE_SHARES,
327,21.58,Uber,checking,transport,TRANSPORTATION_TAXIS_AND_RIDE_SHARES,
323,16.79,Bluebikes,checking,transport,TRANSPORTATION_TAXIS_AND_RIDE_SHARES,
321,10.17,Lyft,checking,transport,TRANSPORTATION_TAXIS_AND_RIDE_SHARES,
319,10.50,Uber,sofi2,transport,TRANSPORTATION_TAXIS_AND_RIDE_SHARES,
318,6.25,Lyft,cfu,transport,TRANSPORTATION_TAXIS_AND_RIDE_SHARES,
316,8.69,Bluebikes,sofi2,transport,TRANSPORTATION_TAXIS_AND_RIDE_SHARES,
315,5.53,Uber,sofi2,transport,TRANSPORTATION_TAXIS_AND_RIDE_SHARES,
313,19.26,MBTA,checking,transport,TRANSPORTATION_TAXIS_AND_RIDE_SHARES,
310,16.27,Logan Parking,cfu,transport,TRANSPORTATION_TAXIS_AND_RIDE_SHARES,
307,11.91,Lyft,cfu,transport,TRANSPORTATION_TAXIS_AND_RIDE_SHARES,
305,4.52,Lyft,checking,transport,TRANSPORTATION_TAXIS_AND_RIDE_SHARES,
305,6.18,Bluebikes,cfu,transport,TRANSPORTATION_TAXIS_AND_RIDE_SHARES,
302,23.28,Shell,sofi2,transport,TRANSPORTATION_TAXIS_AND_RIDE_SHARES,
298,21.87,Logan Parking,cfu,transport,TRANSPORTATION_TAXIS_AND_RIDE_SHARES,
294,17.66,MBTA,cfu,transport,TRANSPORTATION_TAXIS_AND_RIDE_SHARES,
291,9.73,Lyft,checking,transport,TRANSPORTATION_TAXIS_AND_RIDE_SHARES,
290,6.79,Logan Parking,checking,transport,TRANSPORTATION_TAXIS_AND_RIDE_SHARES,
288,16.72,Logan Parking,sofi2,transport,TRANSPORTATION_TAXIS_AND_RIDE_SHARES,
285,8.62,Lyft,checking,transport,TRANSPORTATION_TAXIS_AND_RIDE_SHARES,
283,16.78,Lyft,checking,transport,TRANSPORTATION_TAXIS_AND_RIDE_SHARES,
281,5.39,Bluebikes,cfu,transport,TRANSPORTATION_TAXIS_AND_RIDE_SHARES,
279,14.21,Logan Parking,checking,transport,TRANSPORTATION_TAXIS_AND_RIDE_SHARES,
277,12.16,Shell,cfu,transport,TRANSPORTATION_TAXIS_AND_RIDE_SHARES,
275,4.40,Bluebikes,checking,transport,TRANSPORTATION_TAXIS_AND_RIDE_SHARES,
273,21.11,Uber,sofi2,transport,TRANSPORTATION_TAXIS_AND_RIDE_SHARES,
269,13.68,Bluebikes,cfu,transport,TRANSPORTATION_TAXIS_AND_RIDE_SHARES,
267,13.80,Shell,sofi2,transport,TRANSPORTATION_TAXIS_AND_RIDE_SHARES,
265,6.26,Logan Parking,sofi2,transport,TRANSPORTATION_TAXIS_AND_RIDE_SHARES,
264,3.79,Uber,checking,transport,TRANSPORTATION_TAXIS_AND_RIDE_SHARES,
261,21.13,Bluebikes,cfu,transport,TRANSPORTATION_TAXIS_AND_RIDE_SHARES,
258,10.53,Uber,checking,transport,TRANSPORTATION_TAXIS_AND_RIDE_SHARES,
256,13.79,Logan Parking,checking,transport,TRANSPORTATION_TAXIS_AND_RIDE_SHARES,
253,20.52,Shell,sofi2,transport,TRANSPORTATION_TAXIS_AND_RIDE_SHARES,
250,10.11,Shell,cfu,transport,TRANSPORTATION_TAXIS_AND_RIDE_SHARES,
248,3.76,Shell,cfu,transport,TRANSPORTATION_TAXIS_AND_RIDE_SHARES,
247,8.41,Lyft,checking,transport,TRANSPORTATION_TAXIS_AND_RIDE_SHARES,
246,3.68,Uber,checking,transport,TRANSPORTATION_TAXIS_AND_RIDE_SHARES,
245,11.02,MBTA,sofi2,transport,TRANSPORTATION_TAXIS_AND_RIDE_SHARES,
242,17.11,Shell,cfu,transport,TRANSPORTATION_TAXIS_AND_RIDE_SHARES,
239,13.77,Lyft,sofi2,transport,TRANSPORTATION_TAXIS_AND_RIDE_SHARES,
237,5.78,Lyft,checking,transport,TRANSPORTATION_TAXIS_AND_RIDE_SHARES,
235,9.03,Uber,checking,transport,TRANSPORTATION_TAXIS_AND_RIDE_SHARES,
234,7.39,Uber,cfu,transport,TRANSPORTATION_TAXIS_AND_RIDE_SHARES,
233,3.68,MBTA,sofi2,transport,TRANSPORTATION_TAXIS_AND_RIDE_SHARES,
232,3.60,MBTA,checking,transport,TRANSPORTATION_TAXIS_AND_RIDE_SHARES,
231,3.67,Logan Parking,checking,transport,TRANSPORTATION_TAXIS_AND_RIDE_SHARES,
230,10.37,Uber,sofi2,transport,TRANSPORTATION_TAXIS_AND_RIDE_SHARES,
228,5.34,Logan Parking,checking,transport,TRANSPORTATION_TAXIS_AND_RIDE_SHARES,
227,11.00,Lyft,cfu,transport,TRANSPORTATION_TAXIS_AND_RIDE_SHARES,
224,14.34,Bluebikes,checking,transport,TRANSPORTATION_TAXIS_AND_RIDE_SHARES,
222,6.42,Shell,sofi2,transport,TRANSPORTATION_TAXIS_AND_RIDE_SHARES,
219,24.11,Shell,checking,transport,TRANSPORTATION_TAXIS_AND_RIDE_SHARES,
215,11.63,Logan Parking,sofi2,transport,TRANSPORTATION_TAXIS_AND_RIDE_SHARES,
214,3.54,Bluebikes,checking,transport,TRANSPORTATION_TAXIS_AND_RIDE_SHARES,
213,3.58,Bluebikes,sofi2,transport,TRANSPORTATION_TAXIS_AND_RIDE_SHARES,
210,23.10,Shell,cfu,transport,TRANSPORTATION_TAXIS_AND_RIDE_SHARES,
208,5.39,Shell,checking,transport,TRANSPORTATION_TAXIS_AND_RIDE_SHARES,
206,8.46,Logan Parking,sofi2,transport,TRANSPORTATION_TAXIS_AND_RIDE_SHARES,
204,6.93,Lyft,checking,transport,TRANSPORTATION_TAXIS_AND_RIDE_SHARES,
203,8.88,Shell,checking,transport,TRANSPORTATION_TAXIS_AND_RIDE_SHARES,
201,3.73,Shell,checking,transport,TRANSPORTATION_TAXIS_AND_RIDE_SHARES,
200,12.25,Logan Parking,sofi2,transport,TRANSPORTATION_TAXIS_AND_RIDE_SHARES,
198,3.96,MBTA,cfu,transport,TRANSPORTATION_TAXIS_AND_RIDE_SHARES,
197,4.15,MBTA,sofi2,transport,TRANSPORTATION_TAXIS_AND_RIDE_SHARES,
194,23.74,Bluebikes,checking,transport,TRANSPORTATION_TAXIS_AND_RIDE_SHARES,
191,5.21,Uber,checking,transport,TRANSPORTATION_TAXIS_AND_RIDE_SHARES,
189,9.65,Lyft,sofi2,transport,TRANSPORTATION_TAXIS_AND_RIDE_SHARES,
188,3.63,Logan Parking,cfu,transport,TRANSPORTATION_TAXIS_AND_RIDE_SHARES,
187,7.31,MBTA,sofi2,transport,TRANSPORTATION_TAXIS_AND_RIDE_SHARES,
185,7.19,Bluebikes,sofi2,transport,TRANSPORTATION_TAXIS_AND_RIDE_SHARES,
184,9.46,Uber,sofi2,transport,TRANSPORTATION_TAXIS_AND_RIDE_SHARES,
182,4.71,Lyft,sofi2,transport,TRANSPORTATION_TAXIS_AND_RIDE_SHARES,
181,6.71,Shell,sofi2,transport,TRANSPORTATION_TAXIS_AND_RIDE_SHARES,
179,6.54,Lyft,sofi2,transport,TRANSPORTATION_TAXIS_AND_RIDE_SHARES,
176,24.01,Uber,checking,transport,TRANSPORTATION_TAXIS_AND_RIDE_SHARES,
173,4.29,MBTA,sofi2,transport,TRANSPORTATION_TAXIS_AND_RIDE_SHARES,
172,5.07,Bluebikes,cfu,transport,TRANSPORTATION_TAXIS_AND_RIDE_SHARES,
170,17.82,Bluebikes,checking,transport,TRANSPORTATION_TAXIS_AND_RIDE_SHARES,
168,3.60,Lyft,checking,transport,TRANSPORTATION_TAXIS_AND_RIDE_SHARES,
166,14.16,Shell,sofi2,transport,TRANSPORTATION_TAXIS_AND_RIDE_SHARES,
163,13.77,Logan Parking,cfu,transport,TRANSPORTATION_TAXIS_AND_RIDE_SHARES,
159,19.34,Lyft,sofi2,transport,TRANSPORTATION_TAXIS_AND_RIDE_SHARES,
156,14.08,Bluebikes,sofi2,transport,TRANSPORTATION_TAXIS_AND_RIDE_SHARES,
154,5.55,Logan Parking,checking,transport,TRANSPORTATION_TAXIS_AND_RIDE_SHARES,
153,4.52,Bluebikes,checking,transport,TRANSPORTATION_TAXIS_AND_RIDE_SHARES,
152,6.43,MBTA,cfu,transport,TRANSPORTATION_TAXIS_AND_RIDE_SHARES,
150,10.19,Logan Parking,checking,transport,TRANSPORTATION_TAXIS_AND_RIDE_SHARES,
147,17.27,Uber,sofi2,transport,TRANSPORTATION_TAXIS_AND_RIDE_SHARES,
144,15.04,Shell,checking,transport,TRANSPORTATION_TAXIS_AND_RIDE_SHARES,
141,11.17,Uber,sofi2,transport,TRANSPORTATION_TAXIS_AND_RIDE_SHARES,
138,17.20,MBTA,checking,transport,TRANSPORTATION_TAXIS_AND_RIDE_SHARES,
136,3.78,MBTA,cfu,transport,TRANSPORTATION_TAXIS_AND_RIDE_SHARES,
136,3.64,Uber,checking,transport,TRANSPORTATION_TAXIS_AND_RIDE_SHARES,
135,6.96,Bluebikes,sofi2,transport,TRANSPORTATION_TAXIS_AND_RIDE_SHARES,
133,13.40,MBTA,cfu,transport,TRANSPORTATION_TAXIS_AND_RIDE_SHARES,
131,3.69,Bluebikes,sofi2,transport,TRANSPORTATION_TAXIS_AND_RIDE_SHARES,
128,21.11,Bluebikes,sofi2,transport,TRANSPORTATION_TAXIS_AND_RIDE_SHARES,
109,15.15,Lyft,cfu,transport,TRANSPORTATION_TAXIS_AND_RIDE_SHARES,
105,17.59,Uber,cfu,transport,TRANSPORTATION_TAXIS_AND_RIDE_SHARES,
102,12.39,Uber,checking,transport,TRANSPORTATION_TAXIS_AND_RIDE_SHARES,
99,14.16,MBTA,sofi2,transport,TRANSPORTATION_TAXIS_AND_RIDE_SHARES,
95,23.19,Uber,sofi2,transport,TRANSPORTATION_TAXIS_AND_RIDE_SHARES,
92,5.50,Uber,checking,transport,TRANSPORTATION_TAXIS_AND_RIDE_SHARES,
91,4.81,Shell,cfu,transport,TRANSPORTATION_TAXIS_AND_RIDE_SHARES,
90,9.34,Lyft,checking,transport,TRANSPORTATION_TAXIS_AND_RIDE_SHARES,
88,14.36,Logan Parking,checking,transport,TRANSPORTATION_TAXIS_AND_RIDE_SHARES,
85,19.85,Uber,sofi2,transport,TRANSPORTATION_TAXIS_AND_RIDE_SHARES,
82,9.45,Bluebikes,sofi2,transport,TRANSPORTATION_TAXIS_AND_RIDE_SHARES,
81,3.66,MBTA,checking,transport,TRANSPORTATION_TAXIS_AND_RIDE_SHARES,
79,10.42,Logan Parking,sofi2,transport,TRANSPORTATION_TAXIS_AND_RIDE_SHARES,
77,18.26,Bluebikes,sofi2,transport,TRANSPORTATION_TAXIS_AND_RIDE_SHARES,
75,6.63,Lyft,sofi2,transport,TRANSPORTATION_TAXIS_AND_RIDE_SHARES,
73,10.28,Bluebikes,sofi2,transport,TRANSPORTATION_TAXIS_AND_RIDE_SHARES,
70,24.11,MBTA,sofi2,transport,TRANSPORTATION_TAXIS_AND_RIDE_SHARES,
67,3.52,Shell,checking,transport,TRANSPORTATION_TAXIS_AND_RIDE_SHARES,
67,5.81,MBTA,checking,transport,TRANSPORTATION_TAXIS_AND_RIDE_SHARES,
66,3.60,Logan Parking,sofi2,transport,TRANSPORTATION_TAXIS_AND_RIDE_SHARES,
65,6.72,Uber,cfu,transport,TRANSPORTATION_TAXIS_AND_RIDE_SHARES,
63,15.70,MBTA,checking,transport,TRANSPORTATION_TAXIS_AND_RIDE_SHARES,
61,5.40,Bluebikes,checking,transport,TRANSPORTATION_TAXIS_AND_RIDE_SHARES,
59,14.23,Lyft,checking,transport,TRANSPORTATION_TAXIS_AND_RIDE_SHARES,
57,10.60,Logan Parking,checking,transport,TRANSPORTATION_TAXIS_AND_RIDE_SHARES,
54,16.67,Lyft,sofi2,transport,TRANSPORTATION_TAXIS_AND_RIDE_SHARES,
51,19.31,MBTA,cfu,transport,TRANSPORTATION_TAXIS_AND_RIDE_SHARES,
48,3.58,Logan Parking,sofi2,transport,TRANSPORTATION_TAXIS_AND_RIDE_SHARES,
47,7.00,Lyft,cfu,transport,TRANSPORTATION_TAXIS_AND_RIDE_SHARES,
46,5.30,Shell,cfu,transport,TRANSPORTATION_TAXIS_AND_RIDE_SHARES,
45,5.59,Bluebikes,cfu,transport,TRANSPORTATION_TAXIS_AND_RIDE_SHARES,
43,19.34,Shell,checking,transport,TRANSPORTATION_TAXIS_AND_RIDE_SHARES,
41,3.52,Shell,cfu,transport,TRANSPORTATION_TAXIS_AND_RIDE_SHARES,
40,4.94,Shell,checking,transport,TRANSPORTATION_TAXIS_AND_RIDE_SHARES,
38,11.07,Uber,sofi2,transport,TRANSPORTATION_TAXIS_AND_RIDE_SHARES,
36,13.47,MBTA,cfu,transport,TRANSPORTATION_TAXIS_AND_RIDE_SHARES,
32,22.47,MBTA,cfu,transport,TRANSPORTATION_TAXIS_AND_RIDE_SHARES,
28,19.65,MBTA,cfu,transport,TRANSPORTATION_TAXIS_AND_RIDE_SHARES,
25,9.12,Lyft,checking,transport,TRANSPORTATION_TAXIS_AND_RIDE_SHARES,
24,3.65,Uber,cfu,transport,TRANSPORTATION_TAXIS_AND_RIDE_SHARES,
22,18.17,Lyft,checking,transport,TRANSPORTATION_TAXIS_AND_RIDE_SHARES,
18,17.15,Uber,cfu,transport,TRANSPORTATION_TAXIS_AND_RIDE_SHARES,
14,23.84,Uber,sofi2,transport,TRANSPORTATION_TAXIS_AND_RIDE_SHARES,
11,4.35,Lyft,checking,transport,TRANSPORTATION_TAXIS_AND_RIDE_SHARES,
9,20.75,Logan Parking,cfu,transport,TRANSPORTATION_TAXIS_AND_RIDE_SHARES,
5,16.04,Uber,sofi2,transport,TRANSPORTATION_TAXIS_AND_RIDE_SHARES,
3,6.59,Lyft,checking,transport,TRANSPORTATION_TAXIS_AND_RIDE_SHARES,
1,14.46,Uber,cfu,transport,TRANSPORTATION_TAXIS_AND_RIDE_SHARES,
425,13.58,Uniqlo,sofi2,shopping,GENERAL_MERCHANDISE_CLOTHING_AND_ACCESSORIES,
422,40.66,Target,cfu,shopping,GENERAL_MERCHANDISE_CLOTHING_AND_ACCESSORIES,
415,60.32,Amazon,sofi2,shopping,GENERAL_MERCHANDISE_CLOTHING_AND_ACCESSORIES,
409,32.20,Uniqlo,checking,shopping,GENERAL_MERCHANDISE_CLOTHING_AND_ACCESSORIES,
404,49.74,Newbury Comics,sofi2,shopping,GENERAL_MERCHANDISE_CLOTHING_AND_ACCESSORIES,
400,10.84,Nike,checking,shopping,GENERAL_MERCHANDISE_CLOTHING_AND_ACCESSORIES,
395,55.20,Amazon,sofi2,shopping,GENERAL_MERCHANDISE_CLOTHING_AND_ACCESSORIES,
389,39.43,Uniqlo,cfu,shopping,GENERAL_MERCHANDISE_CLOTHING_AND_ACCESSORIES,
386,10.95,Sephora,sofi2,shopping,GENERAL_MERCHANDISE_CLOTHING_AND_ACCESSORIES,
384,33.43,Uniqlo,checking,shopping,GENERAL_MERCHANDISE_CLOTHING_AND_ACCESSORIES,
381,11.18,Target,checking,shopping,GENERAL_MERCHANDISE_CLOTHING_AND_ACCESSORIES,
379,25.74,Sephora,sofi2,shopping,GENERAL_MERCHANDISE_CLOTHING_AND_ACCESSORIES,
376,33.49,Newbury Comics,sofi2,shopping,GENERAL_MERCHANDISE_CLOTHING_AND_ACCESSORIES,
373,11.86,Nike,sofi2,shopping,GENERAL_MERCHANDISE_CLOTHING_AND_ACCESSORIES,
370,42.42,Newbury Comics,sofi2,shopping,GENERAL_MERCHANDISE_CLOTHING_AND_ACCESSORIES,
367,16.07,Madewell,sofi2,shopping,GENERAL_MERCHANDISE_CLOTHING_AND_ACCESSORIES,
362,59.40,Madewell,sofi2,shopping,GENERAL_MERCHANDISE_CLOTHING_AND_ACCESSORIES,
356,60.96,Newbury Comics,sofi2,shopping,GENERAL_MERCHANDISE_CLOTHING_AND_ACCESSORIES,
351,14.97,Uniqlo,sofi2,shopping,GENERAL_MERCHANDISE_CLOTHING_AND_ACCESSORIES,
350,10.67,Amazon,checking,shopping,GENERAL_MERCHANDISE_CLOTHING_AND_ACCESSORIES,
349,11.31,Target,checking,shopping,GENERAL_MERCHANDISE_CLOTHING_AND_ACCESSORIES,
346,41.75,Madewell,cfu,shopping,GENERAL_MERCHANDISE_CLOTHING_AND_ACCESSORIES,
343,11.23,Nike,cfu,shopping,GENERAL_MERCHANDISE_CLOTHING_AND_ACCESSORIES,
339,51.54,Sephora,cfu,shopping,GENERAL_MERCHANDISE_CLOTHING_AND_ACCESSORIES,
334,32.10,Amazon,cfu,shopping,GENERAL_MERCHANDISE_CLOTHING_AND_ACCESSORIES,
332,11.39,Target,checking,shopping,GENERAL_MERCHANDISE_CLOTHING_AND_ACCESSORIES,
330,18.07,Uniqlo,checking,shopping,GENERAL_MERCHANDISE_CLOTHING_AND_ACCESSORIES,
328,13.71,Madewell,sofi2,shopping,GENERAL_MERCHANDISE_CLOTHING_AND_ACCESSORIES,
326,29.16,Amazon,sofi2,shopping,GENERAL_MERCHANDISE_CLOTHING_AND_ACCESSORIES,
323,10.70,Newbury Comics,sofi2,shopping,GENERAL_MERCHANDISE_CLOTHING_AND_ACCESSORIES,
322,10.56,Madewell,checking,shopping,GENERAL_MERCHANDISE_CLOTHING_AND_ACCESSORIES,
320,29.80,Nike,checking,shopping,GENERAL_MERCHANDISE_CLOTHING_AND_ACCESSORIES,
317,12.57,Amazon,sofi2,shopping,GENERAL_MERCHANDISE_CLOTHING_AND_ACCESSORIES,
315,29.62,Newbury Comics,checking,shopping,GENERAL_MERCHANDISE_CLOTHING_AND_ACCESSORIES,
310,58.79,Target,sofi2,shopping,GENERAL_MERCHANDISE_CLOTHING_AND_ACCESSORIES,
305,33.58,Sephora,checking,shopping,GENERAL_MERCHANDISE_CLOTHING_AND_ACCESSORIES,
301,24.40,Newbury Comics,checking,shopping,GENERAL_MERCHANDISE_CLOTHING_AND_ACCESSORIES,
299,11.08,Uniqlo,cfu,shopping,GENERAL_MERCHANDISE_CLOTHING_AND_ACCESSORIES,
295,61.24,Target,sofi2,shopping,GENERAL_MERCHANDISE_CLOTHING_AND_ACCESSORIES,
289,40.18,Amazon,sofi2,shopping,GENERAL_MERCHANDISE_CLOTHING_AND_ACCESSORIES,
286,12.78,Amazon,cfu,shopping,GENERAL_MERCHANDISE_CLOTHING_AND_ACCESSORIES,
284,12.95,Target,cfu,shopping,GENERAL_MERCHANDISE_CLOTHING_AND_ACCESSORIES,
281,36.89,Sephora,checking,shopping,GENERAL_MERCHANDISE_CLOTHING_AND_ACCESSORIES,
278,20.73,Nike,checking,shopping,GENERAL_MERCHANDISE_CLOTHING_AND_ACCESSORIES,
275,17.63,Newbury Comics,cfu,shopping,GENERAL_MERCHANDISE_CLOTHING_AND_ACCESSORIES,
273,17.49,Nike,cfu,shopping,GENERAL_MERCHANDISE_CLOTHING_AND_ACCESSORIES,
271,11.12,Madewell,sofi2,shopping,GENERAL_MERCHANDISE_CLOTHING_AND_ACCESSORIES,
269,37.55,Madewell,cfu,shopping,GENERAL_MERCHANDISE_CLOTHING_AND_ACCESSORIES,
265,24.85,Newbury Comics,checking,shopping,GENERAL_MERCHANDISE_CLOTHING_AND_ACCESSORIES,
262,16.26,Target,checking,shopping,GENERAL_MERCHANDISE_CLOTHING_AND_ACCESSORIES,
260,23.68,Target,checking,shopping,GENERAL_MERCHANDISE_CLOTHING_AND_ACCESSORIES,
256,37.20,Target,checking,shopping,GENERAL_MERCHANDISE_CLOTHING_AND_ACCESSORIES,
252,30.03,Newbury Comics,cfu,shopping,GENERAL_MERCHANDISE_CLOTHING_AND_ACCESSORIES,
248,25.81,Amazon,cfu,shopping,GENERAL_MERCHANDISE_CLOTHING_AND_ACCESSORIES,
246,13.82,Amazon,checking,shopping,GENERAL_MERCHANDISE_CLOTHING_AND_ACCESSORIES,
244,16.09,Madewell,cfu,shopping,GENERAL_MERCHANDISE_CLOTHING_AND_ACCESSORIES,
242,13.15,Newbury Comics,checking,shopping,GENERAL_MERCHANDISE_CLOTHING_AND_ACCESSORIES,
238,50.83,Uniqlo,sofi2,shopping,GENERAL_MERCHANDISE_CLOTHING_AND_ACCESSORIES,
232,45.57,Target,checking,shopping,GENERAL_MERCHANDISE_CLOTHING_AND_ACCESSORIES,
228,13.52,Madewell,checking,shopping,GENERAL_MERCHANDISE_CLOTHING_AND_ACCESSORIES,
226,20.52,Nike,checking,shopping,GENERAL_MERCHANDISE_CLOTHING_AND_ACCESSORIES,
224,12.69,Sephora,cfu,shopping,GENERAL_MERCHANDISE_CLOTHING_AND_ACCESSORIES,
220,45.62,Amazon,sofi2,shopping,GENERAL_MERCHANDISE_CLOTHING_AND_ACCESSORIES,
215,30.28,Target,cfu,shopping,GENERAL_MERCHANDISE_CLOTHING_AND_ACCESSORIES,
212,15.99,Uniqlo,checking,shopping,GENERAL_MERCHANDISE_CLOTHING_AND_ACCESSORIES,
211,11.26,Uniqlo,cfu,shopping,GENERAL_MERCHANDISE_CLOTHING_AND_ACCESSORIES,
208,22.43,Madewell,sofi2,shopping,GENERAL_MERCHANDISE_CLOTHING_AND_ACCESSORIES,
204,39.04,Target,sofi2,shopping,GENERAL_MERCHANDISE_CLOTHING_AND_ACCESSORIES,
200,20.50,Nike,cfu,shopping,GENERAL_MERCHANDISE_CLOTHING_AND_ACCESSORIES,
196,44.27,Amazon,checking,shopping,GENERAL_MERCHANDISE_CLOTHING_AND_ACCESSORIES,
192,16.15,Amazon,sofi2,shopping,GENERAL_MERCHANDISE_CLOTHING_AND_ACCESSORIES,
188,40.96,Uniqlo,checking,shopping,GENERAL_MERCHANDISE_CLOTHING_AND_ACCESSORIES,
184,13.48,Sephora,checking,shopping,GENERAL_MERCHANDISE_CLOTHING_AND_ACCESSORIES,
181,30.79,Madewell,cfu,shopping,GENERAL_MERCHANDISE_CLOTHING_AND_ACCESSORIES,
177,21.84,Newbury Comics,cfu,shopping,GENERAL_MERCHANDISE_CLOTHING_AND_ACCESSORIES,
172,54.72,Amazon,sofi2,shopping,GENERAL_MERCHANDISE_CLOTHING_AND_ACCESSORIES,
168,10.86,Sephora,checking,shopping,GENERAL_MERCHANDISE_CLOTHING_AND_ACCESSORIES,
166,17.55,Madewell,checking,shopping,GENERAL_MERCHANDISE_CLOTHING_AND_ACCESSORIES,
164,10.61,Nike,sofi2,shopping,GENERAL_MERCHANDISE_CLOTHING_AND_ACCESSORIES,
162,15.24,Target,sofi2,shopping,GENERAL_MERCHANDISE_CLOTHING_AND_ACCESSORIES,
160,24.63,Sephora,checking,shopping,GENERAL_MERCHANDISE_CLOTHING_AND_ACCESSORIES,
156,29.37,Target,cfu,shopping,GENERAL_MERCHANDISE_CLOTHING_AND_ACCESSORIES,
150,55.66,Newbury Comics,checking,shopping,GENERAL_MERCHANDISE_CLOTHING_AND_ACCESSORIES,
144,42.88,Newbury Comics,checking,shopping,GENERAL_MERCHANDISE_CLOTHING_AND_ACCESSORIES,
140,23.45,Uniqlo,checking,shopping,GENERAL_MERCHANDISE_CLOTHING_AND_ACCESSORIES,
136,38.62,Sephora,checking,shopping,GENERAL_MERCHANDISE_CLOTHING_AND_ACCESSORIES,
131,40.57,Sephora,checking,shopping,GENERAL_MERCHANDISE_CLOTHING_AND_ACCESSORIES,
126,30.90,Sephora,cfu,shopping,GENERAL_MERCHANDISE_CLOTHING_AND_ACCESSORIES,
123,14.10,Newbury Comics,cfu,shopping,GENERAL_MERCHANDISE_CLOTHING_AND_ACCESSORIES,
120,29.83,Target,checking,shopping,GENERAL_MERCHANDISE_CLOTHING_AND_ACCESSORIES,
117,16.45,Target,cfu,shopping,GENERAL_MERCHANDISE_CLOTHING_AND_ACCESSORIES,
115,12.39,Sephora,cfu,shopping,GENERAL_MERCHANDISE_CLOTHING_AND_ACCESSORIES,
114,11.25,Uniqlo,checking,shopping,GENERAL_MERCHANDISE_CLOTHING_AND_ACCESSORIES,
111,24.63,Sephora,checking,shopping,GENERAL_MERCHANDISE_CLOTHING_AND_ACCESSORIES,
109,10.56,Newbury Comics,cfu,shopping,GENERAL_MERCHANDISE_CLOTHING_AND_ACCESSORIES,
105,47.60,Nike,checking,shopping,GENERAL_MERCHANDISE_CLOTHING_AND_ACCESSORIES,
100,30.73,Madewell,cfu,shopping,GENERAL_MERCHANDISE_CLOTHING_AND_ACCESSORIES,
97,13.77,Nike,sofi2,shopping,GENERAL_MERCHANDISE_CLOTHING_AND_ACCESSORIES,
95,14.87,Sephora,cfu,shopping,GENERAL_MERCHANDISE_CLOTHING_AND_ACCESSORIES,
91,47.58,Madewell,sofi2,shopping,GENERAL_MERCHANDISE_CLOTHING_AND_ACCESSORIES,
87,15.28,Target,checking,shopping,GENERAL_MERCHANDISE_CLOTHING_AND_ACCESSORIES,
84,43.77,Amazon,cfu,shopping,GENERAL_MERCHANDISE_CLOTHING_AND_ACCESSORIES,
80,24.61,Nike,cfu,shopping,GENERAL_MERCHANDISE_CLOTHING_AND_ACCESSORIES,
61,53.12,Uniqlo,checking,shopping,GENERAL_MERCHANDISE_CLOTHING_AND_ACCESSORIES,
57,12.18,Nike,cfu,shopping,GENERAL_MERCHANDISE_CLOTHING_AND_ACCESSORIES,
55,22.98,Target,cfu,shopping,GENERAL_MERCHANDISE_CLOTHING_AND_ACCESSORIES,
53,15.38,Newbury Comics,sofi2,shopping,GENERAL_MERCHANDISE_CLOTHING_AND_ACCESSORIES,
51,15.29,Newbury Comics,sofi2,shopping,GENERAL_MERCHANDISE_CLOTHING_AND_ACCESSORIES,
49,12.29,Nike,sofi2,shopping,GENERAL_MERCHANDISE_CLOTHING_AND_ACCESSORIES,
37,21.64,Target,sofi2,shopping,GENERAL_MERCHANDISE_CLOTHING_AND_ACCESSORIES,
34,10.82,Amazon,checking,shopping,GENERAL_MERCHANDISE_CLOTHING_AND_ACCESSORIES,
30,42.09,Madewell,sofi2,shopping,GENERAL_MERCHANDISE_CLOTHING_AND_ACCESSORIES,
26,27.83,Madewell,checking,shopping,GENERAL_MERCHANDISE_CLOTHING_AND_ACCESSORIES,
22,24.57,Madewell,checking,shopping,GENERAL_MERCHANDISE_CLOTHING_AND_ACCESSORIES,
18,46.02,Sephora,checking,shopping,GENERAL_MERCHANDISE_CLOTHING_AND_ACCESSORIES,
14,12.68,Nike,checking,shopping,GENERAL_MERCHANDISE_CLOTHING_AND_ACCESSORIES,
12,16.43,Madewell,checking,shopping,GENERAL_MERCHANDISE_CLOTHING_AND_ACCESSORIES,
10,10.70,Target,cfu,shopping,GENERAL_MERCHANDISE_CLOTHING_AND_ACCESSORIES,
6,53.00,Newbury Comics,sofi2,shopping,GENERAL_MERCHANDISE_CLOTHING_AND_ACCESSORIES,
1,21.45,Madewell,sofi2,shopping,GENERAL_MERCHANDISE_CLOTHING_AND_ACCESSORIES,
422,32.44,Ticketmaster,sofi2,entertainment,ENTERTAINMENT_MUSIC_AND_AUDIO,
414,22.80,Sunset Cinema,checking,entertainment,ENTERTAINMENT_MUSIC_AND_AUDIO,
407,31.46,Steam,cfu,entertainment,ENTERTAINMENT_MUSIC_AND_AUDIO,
401,11.88,MFA Boston,sofi2,entertainment,ENTERTAINMENT_MUSIC_AND_AUDIO,
397,17.50,Steam,cfu,entertainment,ENTERTAINMENT_MUSIC_AND_AUDIO,
393,11.38,Sunset Cinema,sofi2,entertainment,ENTERTAINMENT_MUSIC_AND_AUDIO,
389,18.55,Ticketmaster,checking,entertainment,ENTERTAINMENT_MUSIC_AND_AUDIO,
385,12.53,Sunset Cinema,checking,entertainment,ENTERTAINMENT_MUSIC_AND_AUDIO,
380,29.50,AMC Theatres,sofi2,entertainment,ENTERTAINMENT_MUSIC_AND_AUDIO,
375,12.71,Coolidge Corner Theatre,cfu,entertainment,ENTERTAINMENT_MUSIC_AND_AUDIO,
372,15.48,MFA Boston,cfu,entertainment,ENTERTAINMENT_MUSIC_AND_AUDIO,
369,11.05,MFA Boston,checking,entertainment,ENTERTAINMENT_MUSIC_AND_AUDIO,
364,31.06,AMC Theatres,checking,entertainment,ENTERTAINMENT_MUSIC_AND_AUDIO,
358,14.03,Ticketmaster,cfu,entertainment,ENTERTAINMENT_MUSIC_AND_AUDIO,
355,17.44,Sunset Cinema,sofi2,entertainment,ENTERTAINMENT_MUSIC_AND_AUDIO,
350,25.23,Steam,checking,entertainment,ENTERTAINMENT_MUSIC_AND_AUDIO,
344,26.04,MFA Boston,cfu,entertainment,ENTERTAINMENT_MUSIC_AND_AUDIO,
338,22.38,Brattle Theatre,cfu,entertainment,ENTERTAINMENT_MUSIC_AND_AUDIO,
334,12.33,MFA Boston,cfu,entertainment,ENTERTAINMENT_MUSIC_AND_AUDIO,
331,12.46,Ticketmaster,cfu,entertainment,ENTERTAINMENT_MUSIC_AND_AUDIO,
328,11.97,MFA Boston,sofi2,entertainment,ENTERTAINMENT_MUSIC_AND_AUDIO,
324,23.55,AMC Theatres,sofi2,entertainment,ENTERTAINMENT_MUSIC_AND_AUDIO,
320,8.92,Sunset Cinema,sofi2,entertainment,ENTERTAINMENT_MUSIC_AND_AUDIO,
315,28.58,Sunset Cinema,checking,entertainment,ENTERTAINMENT_MUSIC_AND_AUDIO,
308,32.76,Coolidge Corner Theatre,checking,entertainment,ENTERTAINMENT_MUSIC_AND_AUDIO,
302,10.57,MFA Boston,cfu,entertainment,ENTERTAINMENT_MUSIC_AND_AUDIO,
300,8.09,Coolidge Corner Theatre,cfu,entertainment,ENTERTAINMENT_MUSIC_AND_AUDIO,
296,25.07,AMC Theatres,sofi2,entertainment,ENTERTAINMENT_MUSIC_AND_AUDIO,
291,13.95,MFA Boston,cfu,entertainment,ENTERTAINMENT_MUSIC_AND_AUDIO,
286,30.15,Steam,cfu,entertainment,ENTERTAINMENT_MUSIC_AND_AUDIO,
280,18.12,MFA Boston,checking,entertainment,ENTERTAINMENT_MUSIC_AND_AUDIO,
276,8.64,Ticketmaster,sofi2,entertainment,ENTERTAINMENT_MUSIC_AND_AUDIO,
274,7.99,Brattle Theatre,checking,entertainment,ENTERTAINMENT_MUSIC_AND_AUDIO,
272,12.93,Brattle Theatre,sofi2,entertainment,ENTERTAINMENT_MUSIC_AND_AUDIO,
267,24.58,Brattle Theatre,sofi2,entertainment,ENTERTAINMENT_MUSIC_AND_AUDIO,
261,18.71,Brattle Theatre,sofi2,entertainment,ENTERTAINMENT_MUSIC_AND_AUDIO,
257,18.87,Coolidge Corner Theatre,cfu,entertainment,ENTERTAINMENT_MUSIC_AND_AUDIO,
251,26.74,Steam,cfu,entertainment,ENTERTAINMENT_MUSIC_AND_AUDIO,
246,13.23,Steam,sofi2,entertainment,ENTERTAINMENT_MUSIC_AND_AUDIO,
241,24.21,AMC Theatres,checking,entertainment,ENTERTAINMENT_MUSIC_AND_AUDIO,
236,11.28,MFA Boston,cfu,entertainment,ENTERTAINMENT_MUSIC_AND_AUDIO,
231,22.96,MFA Boston,checking,entertainment,ENTERTAINMENT_MUSIC_AND_AUDIO,
227,9.50,MFA Boston,cfu,entertainment,ENTERTAINMENT_MUSIC_AND_AUDIO,
224,15.18,Sunset Cinema,sofi2,entertainment,ENTERTAINMENT_MUSIC_AND_AUDIO,
221,8.46,AMC Theatres,sofi2,entertainment,ENTERTAINMENT_MUSIC_AND_AUDIO,
218,8.19,AMC Theatres,checking,entertainment,ENTERTAINMENT_MUSIC_AND_AUDIO,
214,24.70,Steam,cfu,entertainment,ENTERTAINMENT_MUSIC_AND_AUDIO,
207,25.74,Coolidge Corner Theatre,sofi2,entertainment,ENTERTAINMENT_MUSIC_AND_AUDIO,
201,15.37,Sunset Cinema,sofi2,entertainment,ENTERTAINMENT_MUSIC_AND_AUDIO,
197,13.01,Steam,cfu,entertainment,ENTERTAINMENT_MUSIC_AND_AUDIO,
192,20.83,AMC Theatres,cfu,entertainment,ENTERTAINMENT_MUSIC_AND_AUDIO,
188,9.49,AMC Theatres,checking,entertainment,ENTERTAINMENT_MUSIC_AND_AUDIO,
183,26.30,Sunset Cinema,checking,entertainment,ENTERTAINMENT_MUSIC_AND_AUDIO,
177,13.32,AMC Theatres,checking,entertainment,ENTERTAINMENT_MUSIC_AND_AUDIO,
174,9.26,MFA Boston,checking,entertainment,ENTERTAINMENT_MUSIC_AND_AUDIO,
170,24.07,MFA Boston,cfu,entertainment,ENTERTAINMENT_MUSIC_AND_AUDIO,
163,22.50,Sunset Cinema,sofi2,entertainment,ENTERTAINMENT_MUSIC_AND_AUDIO,
158,17.63,Coolidge Corner Theatre,cfu,entertainment,ENTERTAINMENT_MUSIC_AND_AUDIO,
154,11.48,Steam,cfu,entertainment,ENTERTAINMENT_MUSIC_AND_AUDIO,
151,10.65,MFA Boston,cfu,entertainment,ENTERTAINMENT_MUSIC_AND_AUDIO,
145,30.88,Ticketmaster,cfu,entertainment,ENTERTAINMENT_MUSIC_AND_AUDIO,
140,8.05,Coolidge Corner Theatre,cfu,entertainment,ENTERTAINMENT_MUSIC_AND_AUDIO,
138,7.94,Coolidge Corner Theatre,checking,entertainment,ENTERTAINMENT_MUSIC_AND_AUDIO,
135,9.05,AMC Theatres,checking,entertainment,ENTERTAINMENT_MUSIC_AND_AUDIO,
133,8.04,AMC Theatres,checking,entertainment,ENTERTAINMENT_MUSIC_AND_AUDIO,
128,30.38,Ticketmaster,checking,entertainment,ENTERTAINMENT_MUSIC_AND_AUDIO,
122,9.95,AMC Theatres,sofi2,entertainment,ENTERTAINMENT_MUSIC_AND_AUDIO,
120,8.71,MFA Boston,cfu,entertainment,ENTERTAINMENT_MUSIC_AND_AUDIO,
115,27.25,Steam,cfu,entertainment,ENTERTAINMENT_MUSIC_AND_AUDIO,
110,8.01,Brattle Theatre,cfu,entertainment,ENTERTAINMENT_MUSIC_AND_AUDIO,
108,7.94,Brattle Theatre,sofi2,entertainment,ENTERTAINMENT_MUSIC_AND_AUDIO,
106,7.94,Steam,checking,entertainment,ENTERTAINMENT_MUSIC_AND_AUDIO,
102,17.52,Brattle Theatre,checking,entertainment,ENTERTAINMENT_MUSIC_AND_AUDIO,
97,18.28,Steam,cfu,entertainment,ENTERTAINMENT_MUSIC_AND_AUDIO,
94,7.94,Coolidge Corner Theatre,cfu,entertainment,ENTERTAINMENT_MUSIC_AND_AUDIO,
89,21.42,AMC Theatres,cfu,entertainment,ENTERTAINMENT_MUSIC_AND_AUDIO,
86,9.66,Sunset Cinema,cfu,entertainment,ENTERTAINMENT_MUSIC_AND_AUDIO,
83,9.18,Ticketmaster,checking,entertainment,ENTERTAINMENT_MUSIC_AND_AUDIO,
81,11.76,AMC Theatres,checking,entertainment,ENTERTAINMENT_MUSIC_AND_AUDIO,
77,21.87,Coolidge Corner Theatre,cfu,entertainment,ENTERTAINMENT_MUSIC_AND_AUDIO,
73,12.19,AMC Theatres,cfu,entertainment,ENTERTAINMENT_MUSIC_AND_AUDIO,
69,20.25,Brattle Theatre,sofi2,entertainment,ENTERTAINMENT_MUSIC_AND_AUDIO,
65,13.76,Coolidge Corner Theatre,cfu,entertainment,ENTERTAINMENT_MUSIC_AND_AUDIO,
50,25.78,Coolidge Corner Theatre,checking,entertainment,ENTERTAINMENT_MUSIC_AND_AUDIO,
31,22.47,AMC Theatres,cfu,entertainment,ENTERTAINMENT_MUSIC_AND_AUDIO,
7,12.42,Sunset Cinema,checking,entertainment,ENTERTAINMENT_MUSIC_AND_AUDIO,
3,8.75,Ticketmaster,checking,entertainment,ENTERTAINMENT_MUSIC_AND_AUDIO,
424,16.57,Etsy,checking,other,GENERAL_MERCHANDISE_OTHER_GENERAL_MERCHANDISE,
422,4.72,USPS,checking,other,GENERAL_MERCHANDISE_OTHER_GENERAL_MERCHANDISE,
420,12.14,CVS,cfu,other,GENERAL_MERCHANDISE_OTHER_GENERAL_MERCHANDISE,
418,10.41,CVS,checking,other,GENERAL_MERCHANDISE_OTHER_GENERAL_MERCHANDISE,
415,14.37,Etsy,cfu,other,GENERAL_MERCHANDISE_OTHER_GENERAL_MERCHANDISE,
413,6.95,Walgreens,checking,other,GENERAL_MERCHANDISE_OTHER_GENERAL_MERCHANDISE,
411,5.20,Etsy,cfu,other,GENERAL_MERCHANDISE_OTHER_GENERAL_MERCHANDISE,
410,11.43,Walgreens,sofi2,other,GENERAL_MERCHANDISE_OTHER_GENERAL_MERCHANDISE,
408,5.00,Etsy,cfu,other,GENERAL_MERCHANDISE_OTHER_GENERAL_MERCHANDISE,
405,16.02,Etsy,cfu,other,GENERAL_MERCHANDISE_OTHER_GENERAL_MERCHANDISE,
403,5.47,Bluebikes,sofi2,other,GENERAL_MERCHANDISE_OTHER_GENERAL_MERCHANDISE,
402,5.57,Walgreens,checking,other,GENERAL_MERCHANDISE_OTHER_GENERAL_MERCHANDISE,
397,36.15,Etsy,cfu,other,GENERAL_MERCHANDISE_OTHER_GENERAL_MERCHANDISE,
393,7.18,Etsy,cfu,other,GENERAL_MERCHANDISE_OTHER_GENERAL_MERCHANDISE,
390,12.90,Boston Public Library,cfu,other,GENERAL_MERCHANDISE_OTHER_GENERAL_MERCHANDISE,
388,6.45,USPS,cfu,other,GENERAL_MERCHANDISE_OTHER_GENERAL_MERCHANDISE,
386,21.86,Walgreens,cfu,other,GENERAL_MERCHANDISE_OTHER_GENERAL_MERCHANDISE,
383,9.91,Etsy,sofi2,other,GENERAL_MERCHANDISE_OTHER_GENERAL_MERCHANDISE,
381,13.26,Etsy,sofi2,other,GENERAL_MERCHANDISE_OTHER_GENERAL_MERCHANDISE,
379,7.62,Walgreens,cfu,other,GENERAL_MERCHANDISE_OTHER_GENERAL_MERCHANDISE,
377,4.51,Walgreens,checking,other,GENERAL_MERCHANDISE_OTHER_GENERAL_MERCHANDISE,
376,13.41,Boston Public Library,sofi2,other,GENERAL_MERCHANDISE_OTHER_GENERAL_MERCHANDISE,
374,9.27,CVS,checking,other,GENERAL_MERCHANDISE_OTHER_GENERAL_MERCHANDISE,
371,12.73,Bluebikes,checking,other,GENERAL_MERCHANDISE_OTHER_GENERAL_MERCHANDISE,
369,9.47,Boston Public Library,checking,other,GENERAL_MERCHANDISE_OTHER_GENERAL_MERCHANDISE,
367,18.18,USPS,checking,other,GENERAL_MERCHANDISE_OTHER_GENERAL_MERCHANDISE,
363,17.03,USPS,checking,other,GENERAL_MERCHANDISE_OTHER_GENERAL_MERCHANDISE,
361,10.56,Boston Public Library,sofi2,other,GENERAL_MERCHANDISE_OTHER_GENERAL_MERCHANDISE,
359,8.39,Boston Public Library,sofi2,other,GENERAL_MERCHANDISE_OTHER_GENERAL_MERCHANDISE,
357,10.05,USPS,checking,other,GENERAL_MERCHANDISE_OTHER_GENERAL_MERCHANDISE,
356,5.60,Walgreens,sofi2,other,GENERAL_MERCHANDISE_OTHER_GENERAL_MERCHANDISE,
353,25.49,Bluebikes,checking,other,GENERAL_MERCHANDISE_OTHER_GENERAL_MERCHANDISE,
350,6.54,Bluebikes,cfu,other,GENERAL_MERCHANDISE_OTHER_GENERAL_MERCHANDISE,
346,37.89,Bluebikes,sofi2,other,GENERAL_MERCHANDISE_OTHER_GENERAL_MERCHANDISE,
341,7.74,Etsy,sofi2,other,GENERAL_MERCHANDISE_OTHER_GENERAL_MERCHANDISE,
340,4.41,Boston Public Library,sofi2,other,GENERAL_MERCHANDISE_OTHER_GENERAL_MERCHANDISE,
338,13.91,Boston Public Library,checking,other,GENERAL_MERCHANDISE_OTHER_GENERAL_MERCHANDISE,
336,7.90,Boston Public Library,cfu,other,GENERAL_MERCHANDISE_OTHER_GENERAL_MERCHANDISE,
335,8.39,Etsy,cfu,other,GENERAL_MERCHANDISE_OTHER_GENERAL_MERCHANDISE,
333,4.48,Etsy,cfu,other,GENERAL_MERCHANDISE_OTHER_GENERAL_MERCHANDISE,
330,33.54,Etsy,sofi2,other,GENERAL_MERCHANDISE_OTHER_GENERAL_MERCHANDISE,
325,15.93,Bluebikes,cfu,other,GENERAL_MERCHANDISE_OTHER_GENERAL_MERCHANDISE,
320,36.17,Walgreens,sofi2,other,GENERAL_MERCHANDISE_OTHER_GENERAL_MERCHANDISE,
316,5.26,Boston Public Library,checking,other,GENERAL_MERCHANDISE_OTHER_GENERAL_MERCHANDISE,
315,4.60,USPS,sofi2,other,GENERAL_MERCHANDISE_OTHER_GENERAL_MERCHANDISE,
311,34.83,USPS,checking,other,GENERAL_MERCHANDISE_OTHER_GENERAL_MERCHANDISE,
306,20.34,USPS,cfu,other,GENERAL_MERCHANDISE_OTHER_GENERAL_MERCHANDISE,
304,5.64,Walgreens,cfu,other,GENERAL_MERCHANDISE_OTHER_GENERAL_MERCHANDISE,
302,7.50,USPS,cfu,other,GENERAL_MERCHANDISE_OTHER_GENERAL_MERCHANDISE,
298,32.63,Boston Public Library,sofi2,other,GENERAL_MERCHANDISE_OTHER_GENERAL_MERCHANDISE,
295,4.46,Boston Public Library,cfu,other,GENERAL_MERCHANDISE_OTHER_GENERAL_MERCHANDISE,
293,16.92,Etsy,cfu,other,GENERAL_MERCHANDISE_OTHER_GENERAL_MERCHANDISE,
288,33.13,Etsy,checking,other,GENERAL_MERCHANDISE_OTHER_GENERAL_MERCHANDISE,
282,17.18,Etsy,checking,other,GENERAL_MERCHANDISE_OTHER_GENERAL_MERCHANDISE,
280,4.44,Etsy,checking,other,GENERAL_MERCHANDISE_OTHER_GENERAL_MERCHANDISE,
279,6.44,Walgreens,sofi2,other,GENERAL_MERCHANDISE_OTHER_GENERAL_MERCHANDISE,
276,21.13,Walgreens,sofi2,other,GENERAL_MERCHANDISE_OTHER_GENERAL_MERCHANDISE,
273,13.25,USPS,sofi2,other,GENERAL_MERCHANDISE_OTHER_GENERAL_MERCHANDISE,
268,33.65,Etsy,sofi2,other,GENERAL_MERCHANDISE_OTHER_GENERAL_MERCHANDISE,
261,33.48,Walgreens,checking,other,GENERAL_MERCHANDISE_OTHER_GENERAL_MERCHANDISE,
256,24.03,Etsy,checking,other,GENERAL_MERCHANDISE_OTHER_GENERAL_MERCHANDISE,
249,37.11,Etsy,sofi2,other,GENERAL_MERCHANDISE_OTHER_GENERAL_MERCHANDISE,
244,8.98,Boston Public Library,checking,other,GENERAL_MERCHANDISE_OTHER_GENERAL_MERCHANDISE,
242,12.02,CVS,checking,other,GENERAL_MERCHANDISE_OTHER_GENERAL_MERCHANDISE,
240,7.57,CVS,sofi2,other,GENERAL_MERCHANDISE_OTHER_GENERAL_MERCHANDISE,
239,8.52,Boston Public Library,sofi2,other,GENERAL_MERCHANDISE_OTHER_GENERAL_MERCHANDISE,
234,33.23,Bluebikes,cfu,other,GENERAL_MERCHANDISE_OTHER_GENERAL_MERCHANDISE,
228,28.23,USPS,sofi2,other,GENERAL_MERCHANDISE_OTHER_GENERAL_MERCHANDISE,
224,4.46,Etsy,checking,other,GENERAL_MERCHANDISE_OTHER_GENERAL_MERCHANDISE,
221,24.39,CVS,checking,other,GENERAL_MERCHANDISE_OTHER_GENERAL_MERCHANDISE,
215,33.61,CVS,sofi2,other,GENERAL_MERCHANDISE_OTHER_GENERAL_MERCHANDISE,
210,11.44,Etsy,cfu,other,GENERAL_MERCHANDISE_OTHER_GENERAL_MERCHANDISE,
207,11.34,Bluebikes,cfu,other,GENERAL_MERCHANDISE_OTHER_GENERAL_MERCHANDISE,
203,24.42,CVS,sofi2,other,GENERAL_MERCHANDISE_OTHER_GENERAL_MERCHANDISE,
200,7.35,CVS,sofi2,other,GENERAL_MERCHANDISE_OTHER_GENERAL_MERCHANDISE,
197,15.69,CVS,sofi2,other,GENERAL_MERCHANDISE_OTHER_GENERAL_MERCHANDISE,
195,5.32,Etsy,checking,other,GENERAL_MERCHANDISE_OTHER_GENERAL_MERCHANDISE,
190,32.30,Bluebikes,cfu,other,GENERAL_MERCHANDISE_OTHER_GENERAL_MERCHANDISE,
184,22.10,USPS,checking,other,GENERAL_MERCHANDISE_OTHER_GENERAL_MERCHANDISE,
180,17.29,Etsy,cfu,other,GENERAL_MERCHANDISE_OTHER_GENERAL_MERCHANDISE,
176,15.89,Bluebikes,sofi2,other,GENERAL_MERCHANDISE_OTHER_GENERAL_MERCHANDISE,
171,31.31,Etsy,checking,other,GENERAL_MERCHANDISE_OTHER_GENERAL_MERCHANDISE,
163,35.24,CVS,sofi2,other,GENERAL_MERCHANDISE_OTHER_GENERAL_MERCHANDISE,
156,32.30,Boston Public Library,cfu,other,GENERAL_MERCHANDISE_OTHER_GENERAL_MERCHANDISE,
151,15.61,Bluebikes,sofi2,other,GENERAL_MERCHANDISE_OTHER_GENERAL_MERCHANDISE,
148,5.14,Etsy,cfu,other,GENERAL_MERCHANDISE_OTHER_GENERAL_MERCHANDISE,
146,12.42,USPS,sofi2,other,GENERAL_MERCHANDISE_OTHER_GENERAL_MERCHANDISE,
144,8.40,Boston Public Library,checking,other,GENERAL_MERCHANDISE_OTHER_GENERAL_MERCHANDISE,
143,5.16,Etsy,checking,other,GENERAL_MERCHANDISE_OTHER_GENERAL_MERCHANDISE,
139,31.80,Boston Public Library,sofi2,other,GENERAL_MERCHANDISE_OTHER_GENERAL_MERCHANDISE,
135,5.30,CVS,sofi2,other,GENERAL_MERCHANDISE_OTHER_GENERAL_MERCHANDISE,
134,4.79,USPS,sofi2,other,GENERAL_MERCHANDISE_OTHER_GENERAL_MERCHANDISE,
132,14.98,Walgreens,checking,other,GENERAL_MERCHANDISE_OTHER_GENERAL_MERCHANDISE,
128,20.45,Bluebikes,checking,other,GENERAL_MERCHANDISE_OTHER_GENERAL_MERCHANDISE,
124,12.46,Etsy,checking,other,GENERAL_MERCHANDISE_OTHER_GENERAL_MERCHANDISE,
122,5.18,Walgreens,cfu,other,GENERAL_MERCHANDISE_OTHER_GENERAL_MERCHANDISE,
118,33.88,Boston Public Library,cfu,other,GENERAL_MERCHANDISE_OTHER_GENERAL_MERCHANDISE,
113,12.47,Etsy,sofi2,other,GENERAL_MERCHANDISE_OTHER_GENERAL_MERCHANDISE,
109,26.15,Walgreens,sofi2,other,GENERAL_MERCHANDISE_OTHER_GENERAL_MERCHANDISE,
105,5.90,Walgreens,checking,other,GENERAL_MERCHANDISE_OTHER_GENERAL_MERCHANDISE,
104,4.69,Walgreens,cfu,other,GENERAL_MERCHANDISE_OTHER_GENERAL_MERCHANDISE,
102,12.82,Etsy,checking,other,GENERAL_MERCHANDISE_OTHER_GENERAL_MERCHANDISE,
99,13.18,Bluebikes,cfu,other,GENERAL_MERCHANDISE_OTHER_GENERAL_MERCHANDISE,
97,9.13,Bluebikes,checking,other,GENERAL_MERCHANDISE_OTHER_GENERAL_MERCHANDISE,
95,4.81,USPS,sofi2,other,GENERAL_MERCHANDISE_OTHER_GENERAL_MERCHANDISE,
93,16.31,USPS,checking,other,GENERAL_MERCHANDISE_OTHER_GENERAL_MERCHANDISE,
90,8.39,USPS,sofi2,other,GENERAL_MERCHANDISE_OTHER_GENERAL_MERCHANDISE,
86,35.33,USPS,cfu,other,GENERAL_MERCHANDISE_OTHER_GENERAL_MERCHANDISE,
82,5.34,Etsy,checking,other,GENERAL_MERCHANDISE_OTHER_GENERAL_MERCHANDISE,
81,4.67,USPS,sofi2,other,GENERAL_MERCHANDISE_OTHER_GENERAL_MERCHANDISE,
80,5.02,Boston Public Library,sofi2,other,GENERAL_MERCHANDISE_OTHER_GENERAL_MERCHANDISE,
77,21.70,CVS,cfu,other,GENERAL_MERCHANDISE_OTHER_GENERAL_MERCHANDISE,
74,12.65,Walgreens,sofi2,other,GENERAL_MERCHANDISE_OTHER_GENERAL_MERCHANDISE,
70,29.25,USPS,sofi2,other,GENERAL_MERCHANDISE_OTHER_GENERAL_MERCHANDISE,
65,20.51,Etsy,checking,other,GENERAL_MERCHANDISE_OTHER_GENERAL_MERCHANDISE,
60,31.99,CVS,sofi2,other,GENERAL_MERCHANDISE_OTHER_GENERAL_MERCHANDISE,
56,4.72,Boston Public Library,checking,other,GENERAL_MERCHANDISE_OTHER_GENERAL_MERCHANDISE,
53,28.69,USPS,cfu,other,GENERAL_MERCHANDISE_OTHER_GENERAL_MERCHANDISE,
47,30.95,Etsy,checking,other,GENERAL_MERCHANDISE_OTHER_GENERAL_MERCHANDISE,
43,6.31,Walgreens,cfu,other,GENERAL_MERCHANDISE_OTHER_GENERAL_MERCHANDISE,
42,4.42,Etsy,checking,other,GENERAL_MERCHANDISE_OTHER_GENERAL_MERCHANDISE,
41,7.34,CVS,sofi2,other,GENERAL_MERCHANDISE_OTHER_GENERAL_MERCHANDISE,
37,25.34,Walgreens,cfu,other,GENERAL_MERCHANDISE_OTHER_GENERAL_MERCHANDISE,
34,7.84,CVS,sofi2,other,GENERAL_MERCHANDISE_OTHER_GENERAL_MERCHANDISE,
32,15.66,USPS,checking,other,GENERAL_MERCHANDISE_OTHER_GENERAL_MERCHANDISE,
26,36.02,Bluebikes,checking,other,GENERAL_MERCHANDISE_OTHER_GENERAL_MERCHANDISE,
22,5.38,USPS,cfu,other,GENERAL_MERCHANDISE_OTHER_GENERAL_MERCHANDISE,
20,5.23,Boston Public Library,cfu,other,GENERAL_MERCHANDISE_OTHER_GENERAL_MERCHANDISE,
18,21.64,Walgreens,checking,other,GENERAL_MERCHANDISE_OTHER_GENERAL_MERCHANDISE,
13,21.54,Etsy,checking,other,GENERAL_MERCHANDISE_OTHER_GENERAL_MERCHANDISE,
7,30.91,Boston Public Library,sofi2,other,GENERAL_MERCHANDISE_OTHER_GENERAL_MERCHANDISE,
1,27.23,Boston Public Library,sofi2,other,GENERAL_MERCHANDISE_OTHER_GENERAL_MERCHANDISE,
